/*
Navicat MySQL Data Transfer

Source Server         : 192.168.1.104
Source Server Version : 50022
Source Host           : 192.168.1.104:3306
Source Database       : carstop

Target Server Type    : MYSQL
Target Server Version : 50022
File Encoding         : 65001

Date: 2012-02-11 20:20:43
*/

SET FOREIGN_KEY_CHECKS=0;
-- ----------------------------
-- Table structure for `t_card`
-- ----------------------------
DROP TABLE IF EXISTS `t_card`;
CREATE TABLE `t_card` (
  `CARDID` varchar(30) NOT NULL default '0',
  `CARDTYPEID` int(11) default NULL,
  `CARDTYPE` int(11) NOT NULL default '0',
  `CARDDATE` datetime default NULL,
  `CARDSTATUS` int(11) default NULL,
  `CARDPRICE` float default NULL,
  `CARDTIMES` int(11) default NULL,
  `CARDSTARTTIME` date default NULL,
  `CARDENDTIME` date default NULL,
  `REMARK` varchar(250) default NULL,
  PRIMARY KEY  (`CARDID`),
  KEY `FK_Reference_21` (`CARDTYPEID`),
  CONSTRAINT `FK_Reference_21` FOREIGN KEY (`CARDTYPEID`) REFERENCES `t_card_type` (`CARDTYPEID`)
) ENGINE=InnoDB DEFAULT CHARSET=gb2312 COMMENT='卡片信息';

-- ----------------------------
-- Records of t_card
-- ----------------------------
INSERT INTO t_card VALUES ('2580945697', '3', '0', '2011-11-20 21:50:42', '1', '0', '0', '2011-11-20', '2011-11-20', null);
INSERT INTO t_card VALUES ('2643518187', '2', '1', '2011-11-16 20:14:57', '1', '0', '0', '2011-11-16', '2011-11-16', null);
INSERT INTO t_card VALUES ('2911953643', '4', '0', '2011-11-13 22:57:00', '1', '425', '0', '2011-11-13', '2011-11-13', null);
INSERT INTO t_card VALUES ('3180389099', '3', '0', '2011-11-13 22:56:24', '1', '788', '16', '2011-11-13', '2011-11-13', null);
INSERT INTO t_card VALUES ('3397188640', '2', '1', '2011-11-13 00:00:00', '1', '0', '0', '2011-11-13', '2011-11-13', null);
INSERT INTO t_card VALUES ('3448824555', '1', '0', '2011-11-14 21:27:51', '1', '206', '0', '2011-11-14', '2011-11-14', null);
INSERT INTO t_card VALUES ('3923188513', '4', '0', '2011-11-13 22:57:25', '1', '130', '0', '2011-11-20', '2011-12-20', null);
INSERT INTO t_card VALUES ('3929876513', '5', '0', '2011-11-11 00:00:00', '1', '532', '0', '2011-11-11', '2011-11-11', null);
INSERT INTO t_card VALUES ('3934059552', '2', '1', '2011-11-13 19:42:25', '1', '0', '0', '2011-11-13', '2011-11-13', null);
INSERT INTO t_card VALUES ('4464380193', '1', '0', '2011-11-20 21:47:50', '1', '-6419', '0', '2011-11-20', '2011-11-20', null);
INSERT INTO t_card VALUES ('4732815649', '1', '0', '2011-11-13 22:52:49', '1', '322', '0', '2011-11-13', '2011-11-13', null);

-- ----------------------------
-- Table structure for `t_card_type`
-- ----------------------------
DROP TABLE IF EXISTS `t_card_type`;
CREATE TABLE `t_card_type` (
  `CARDTYPEID` int(11) NOT NULL auto_increment,
  `NAME` varchar(50) NOT NULL default '',
  `CHARGETYPEID` int(11) NOT NULL default '0',
  `REMARK` varchar(250) default NULL,
  PRIMARY KEY  (`CARDTYPEID`),
  KEY `FK_Reference_23` (`CHARGETYPEID`),
  CONSTRAINT `FK_Reference_23` FOREIGN KEY (`CHARGETYPEID`) REFERENCES `t_charge_type` (`CHARGETYPEID`) ON DELETE CASCADE
) ENGINE=InnoDB DEFAULT CHARSET=gb2312 COMMENT='卡片类型';

-- ----------------------------
-- Records of t_card_type
-- ----------------------------
INSERT INTO t_card_type VALUES ('1', '会员卡', '3', '备注信息！！');
INSERT INTO t_card_type VALUES ('2', '临时卡', '4', '临时用户使用。...');
INSERT INTO t_card_type VALUES ('3', '次数卡', '7', '每次停车后停车次数减一。\r\n\r\n');
INSERT INTO t_card_type VALUES ('4', '月卡', '8', '按时间段收费的！');
INSERT INTO t_card_type VALUES ('5', '免费卡', '9', '完全免费，有木有！');

-- ----------------------------
-- Table structure for `t_car_enter`
-- ----------------------------
DROP TABLE IF EXISTS `t_car_enter`;
CREATE TABLE `t_car_enter` (
  `CARDID` varchar(30) NOT NULL default '',
  `CARNUMBER` varchar(30) default NULL,
  `ENTERTIME` datetime default NULL,
  `REMARK` varchar(255) default NULL,
  PRIMARY KEY  (`CARDID`),
  UNIQUE KEY `FK_REFERENCE23` (`CARDID`),
  CONSTRAINT `FK_REFERENCE23` FOREIGN KEY (`CARDID`) REFERENCES `t_card` (`CARDID`)
) ENGINE=InnoDB DEFAULT CHARSET=gb2312 COMMENT='场内车辆记录';

-- ----------------------------
-- Records of t_car_enter
-- ----------------------------
INSERT INTO t_car_enter VALUES ('3397188640', '未知', '2012-02-11 17:54:46', null);
INSERT INTO t_car_enter VALUES ('3448824555', '湘B3242', '2012-02-11 18:25:44', null);

-- ----------------------------
-- Table structure for `t_car_record`
-- ----------------------------
DROP TABLE IF EXISTS `t_car_record`;
CREATE TABLE `t_car_record` (
  `ID` int(11) NOT NULL auto_increment,
  `CARDID` varchar(30) NOT NULL default '',
  `CARNUMBER` varchar(30) default NULL,
  `ENTERTIME` datetime default NULL,
  `EXITTIME` datetime default NULL,
  `STOPTIME` int(11) NOT NULL default '0',
  `FACTEXPENSE` float(8,2) NOT NULL default '0.00',
  `DUEEXPENSE` float(8,2) NOT NULL default '0.00',
  `REMARK` varchar(250) default NULL,
  PRIMARY KEY  (`ID`),
  KEY `FK_Reference_4` (`CARDID`),
  CONSTRAINT `FK_Reference_4` FOREIGN KEY (`CARDID`) REFERENCES `t_card` (`CARDID`)
) ENGINE=InnoDB DEFAULT CHARSET=gb2312 COMMENT='车辆出入记录';

-- ----------------------------
-- Records of t_car_record
-- ----------------------------
INSERT INTO t_car_record VALUES ('1', '4732815649', 'afasdf', '2011-12-02 12:23:23', '2011-12-02 13:23:23', '64', '20.00', '20.00', '备注系想你');
INSERT INTO t_car_record VALUES ('2', '3448824555', null, '2011-12-03 15:07:41', '2011-12-03 15:30:53', '23', '0.00', '0.00', '停车时间未超过计费时间!');
INSERT INTO t_car_record VALUES ('3', '4732815649', null, '2011-12-03 14:10:47', '2011-12-03 15:31:04', '80', '4.00', '4.00', null);
INSERT INTO t_car_record VALUES ('4', '2643518187', null, '2011-12-03 13:27:44', '2011-12-03 15:31:11', '123', '10.00', '10.00', null);
INSERT INTO t_car_record VALUES ('5', '3929876513', null, '2011-12-03 14:27:27', '2011-12-03 15:31:16', '63', '0.00', '0.00', null);
INSERT INTO t_car_record VALUES ('6', '3934059552', null, '2011-12-03 14:27:23', '2011-12-03 15:31:23', '64', '5.00', '5.00', null);
INSERT INTO t_car_record VALUES ('7', '4464380193', null, '2011-12-03 13:27:20', '2011-12-03 15:31:27', '124', '8.00', '8.00', null);
INSERT INTO t_car_record VALUES ('8', '3397188640', null, '2011-12-03 14:27:15', '2011-12-03 15:31:31', '64', '5.00', '5.00', null);
INSERT INTO t_car_record VALUES ('9', '3923188513', null, '2011-12-03 11:27:11', '2011-12-03 15:31:35', '244', '0.00', '0.00', null);
INSERT INTO t_car_record VALUES ('10', '3180389099', null, '2011-12-03 12:27:02', '2011-12-03 15:31:49', '184', '0.00', '0.00', null);
INSERT INTO t_car_record VALUES ('11', '3934059552', null, '2011-12-05 16:30:40', '2011-12-05 23:26:53', '416', '35.00', '35.00', null);
INSERT INTO t_car_record VALUES ('12', '2643518187', null, '2011-12-05 23:27:17', '2011-12-05 23:27:34', '0', '0.00', '0.00', '停车时间未超过计费时间!');
INSERT INTO t_car_record VALUES ('13', '2643518187', null, '2011-12-05 23:27:42', '2011-12-05 23:27:52', '0', '0.00', '0.00', '停车时间未超过计费时间!');
INSERT INTO t_car_record VALUES ('14', '3397188640', null, '2011-12-08 00:30:37', '2011-12-08 00:30:57', '0', '0.00', '0.00', '停车时间未超过计费时间!');
INSERT INTO t_car_record VALUES ('15', '4732815649', null, '2011-12-05 16:31:00', '2011-12-08 01:06:06', '3395', '228.00', '228.00', null);
INSERT INTO t_car_record VALUES ('16', '4732815649', null, '2011-12-08 12:08:13', '2011-12-08 01:08:49', '-659', '0.00', '0.00', '停车时间未超过计费时间!');
INSERT INTO t_car_record VALUES ('17', '4732815649', null, '2011-12-08 00:10:28', '2011-12-08 01:10:46', '60', '4.00', '4.00', null);
INSERT INTO t_car_record VALUES ('18', '4732815649', null, '2009-12-08 01:13:02', '2011-12-08 01:13:47', '1051200', '70080.00', '70080.00', null);
INSERT INTO t_car_record VALUES ('19', '4732815649', null, '2011-12-08 01:24:57', '2011-12-08 01:25:25', '0', '0.00', '0.00', '停车时间未超过计费时间!');
INSERT INTO t_car_record VALUES ('20', '4732815649', null, '2011-12-08 01:26:14', '2011-12-08 01:26:19', '0', '0.00', '0.00', '停车时间未超过计费时间!');
INSERT INTO t_car_record VALUES ('21', '4732815649', null, '2011-12-08 01:33:28', '2011-12-08 01:33:33', '0', '0.00', '0.00', '停车时间未超过计费时间!');
INSERT INTO t_car_record VALUES ('22', '3397188640', null, '2011-12-08 00:31:07', '2012-02-10 13:39:34', '92948', '7745.00', '7745.00', null);
INSERT INTO t_car_record VALUES ('23', '3180389099', null, '2011-12-05 16:30:53', '2012-02-10 13:40:02', '96309', '0.00', '0.00', null);
INSERT INTO t_car_record VALUES ('24', '3929876513', '湘A8579', '2012-02-09 15:57:19', '2012-02-10 13:40:20', '1303', '0.00', '0.00', null);
INSERT INTO t_car_record VALUES ('25', '4464380193', null, '2011-12-05 16:30:45', '2012-02-10 13:40:30', '96309', '6420.00', '6420.00', null);
INSERT INTO t_car_record VALUES ('26', '3934059552', '未知', '2012-02-10 13:05:13', '2012-02-10 13:40:43', '35', '5.00', '5.00', null);
INSERT INTO t_car_record VALUES ('27', '2643518187', '未知', '2012-02-09 16:00:26', '2012-02-10 13:40:48', '1300', '110.00', '110.00', null);
INSERT INTO t_car_record VALUES ('28', '3397188640', '未知', '2012-02-10 13:51:44', '2012-02-10 13:55:02', '3', '0.00', '0.00', '停车时间未超过计费时间!');
INSERT INTO t_car_record VALUES ('29', '3929876513', '湘A8579', '2012-02-10 13:44:24', '2012-02-10 13:58:26', '14', '0.00', '0.00', null);
INSERT INTO t_car_record VALUES ('30', '2643518187', '未知', '2012-02-10 13:51:36', '2012-02-10 13:58:38', '7', '0.00', '0.00', '停车时间未超过计费时间!');
INSERT INTO t_car_record VALUES ('31', '3934059552', '未知', '2012-02-10 13:52:03', '2012-02-10 13:58:47', '6', '0.00', '0.00', '停车时间未超过计费时间!');
INSERT INTO t_car_record VALUES ('32', '3180389099', '湘B54456', '2012-02-10 13:51:53', '2012-02-10 13:59:00', '7', '0.00', '0.00', '停车时间未超过计费时间!');
INSERT INTO t_car_record VALUES ('33', '3929876513', '湘A8579', '2012-02-10 14:04:44', '2012-02-10 14:39:01', '34', '0.00', '0.00', null);
INSERT INTO t_car_record VALUES ('34', '3934059552', '未知', '2012-02-10 14:00:01', '2012-02-10 14:40:06', '40', '5.00', '5.00', null);
INSERT INTO t_car_record VALUES ('35', '2643518187', '未知', '2012-02-10 14:35:52', '2012-02-10 14:40:28', '4', '0.00', '0.00', '停车时间未超过计费时间!');
INSERT INTO t_car_record VALUES ('36', '3397188640', '未知', '2012-02-10 14:01:18', '2012-02-10 14:40:41', '39', '5.00', '5.00', null);
INSERT INTO t_car_record VALUES ('37', '3180389099', '湘B54456', '2012-02-10 13:59:13', '2012-02-10 14:40:55', '41', '0.00', '0.00', null);
INSERT INTO t_car_record VALUES ('38', '2643518187', '未知', '2012-02-10 14:44:07', '2012-02-10 16:13:32', '89', '10.00', '10.00', null);
INSERT INTO t_car_record VALUES ('39', '3397188640', '未知', '2012-02-10 14:41:40', '2012-02-10 16:13:38', '91', '10.00', '10.00', null);
INSERT INTO t_car_record VALUES ('40', '3929876513', '湘A8579', '2012-02-10 15:50:06', '2012-02-10 16:13:43', '23', '0.00', '0.00', null);
INSERT INTO t_car_record VALUES ('41', '3180389099', '湘B54456', '2012-02-10 15:23:50', '2012-02-10 16:13:48', '49', '0.00', '0.00', null);
INSERT INTO t_car_record VALUES ('42', '3929876513', '湘A8579', '2012-02-10 16:27:41', '2012-02-10 16:29:01', '1', '0.00', '0.00', null);
INSERT INTO t_car_record VALUES ('43', '2643518187', '未知', '2012-02-10 16:47:37', '2012-02-10 16:49:34', '1', '0.00', '0.00', '停车时间未超过计费时间!');
INSERT INTO t_car_record VALUES ('44', '2643518187', '未知', '2012-02-10 17:02:17', '2012-02-10 17:04:07', '1', '0.00', '0.00', '停车时间未超过计费时间!');
INSERT INTO t_car_record VALUES ('45', '2643518187', '未知', '2012-02-10 17:13:06', '2012-02-10 17:13:27', '0', '0.00', '0.00', '停车时间未超过计费时间!');
INSERT INTO t_car_record VALUES ('46', '3397188640', '未知', '2012-02-10 17:21:26', '2012-02-10 17:22:17', '0', '0.00', '0.00', '停车时间未超过计费时间!');

-- ----------------------------
-- Table structure for `t_charge_type`
-- ----------------------------
DROP TABLE IF EXISTS `t_charge_type`;
CREATE TABLE `t_charge_type` (
  `CHARGETYPEID` int(11) NOT NULL auto_increment,
  `NAME` varchar(50) NOT NULL default '',
  `TYPE` int(11) NOT NULL default '0',
  `FEE` float(6,2) default '0.00',
  `MINUTECOUNT` int(11) NOT NULL default '0',
  `MINUTE` int(11) default '1',
  `OVERMINUTE` int(11) default '0',
  `HOUR` int(11) default '1',
  `OVERHOUR` int(11) default '0',
  `TIMES` int(11) default '0',
  `STARTTIME` date default NULL,
  `ENDTIME` date default NULL,
  `REMARK` varchar(250) default NULL,
  PRIMARY KEY  (`CHARGETYPEID`)
) ENGINE=InnoDB DEFAULT CHARSET=gbk COMMENT='收费类型';

-- ----------------------------
-- Records of t_charge_type
-- ----------------------------
INSERT INTO t_charge_type VALUES ('3', '长期按时收费', '2', '4.00', '30', null, null, '1', '30', null, null, null, null);
INSERT INTO t_charge_type VALUES ('4', '临时按时收费', '2', '5.00', '30', null, null, '1', '15', null, null, null, null);
INSERT INTO t_charge_type VALUES ('7', '按次', '3', null, '20', null, null, null, null, null, null, null, null);
INSERT INTO t_charge_type VALUES ('8', '按时间段', '4', null, '0', null, null, null, null, null, null, null, null);
INSERT INTO t_charge_type VALUES ('9', '免费', '5', null, '0', null, null, null, null, null, null, null, null);
INSERT INTO t_charge_type VALUES ('10', '按分钟收费', '1', '0.01', '10', '1', '30', null, null, null, null, null, null);

-- ----------------------------
-- Table structure for `t_emp`
-- ----------------------------
DROP TABLE IF EXISTS `t_emp`;
CREATE TABLE `t_emp` (
  `OPERATORID` varchar(30) NOT NULL default '',
  `PASSWORD` varchar(30) default NULL,
  `OPERATORNAME` varchar(30) default NULL,
  `PRIORITY` int(11) default NULL,
  `IDENTIFICATION` varchar(30) default NULL,
  `PHONENUMBER` varchar(30) default NULL,
  `ADDRESS` varchar(80) default NULL,
  `REMARK` varchar(250) default NULL,
  PRIMARY KEY  (`OPERATORID`)
) ENGINE=InnoDB DEFAULT CHARSET=gb2312 COMMENT='员工信息 管理员，操作员';

-- ----------------------------
-- Records of t_emp
-- ----------------------------
INSERT INTO t_emp VALUES ('abc', 'abc', '峰哥！', '1', 'asdfasdf', 'asdf', 'asdf', 'asdfasdfasdf');
INSERT INTO t_emp VALUES ('admin', '123456', '武学鸿', '0', '1', '15454545', 'admin', '备注信息地方');
INSERT INTO t_emp VALUES ('user1', 'user1', '阿碧！', '1', '320124098455152654', '15845984562', '湖南省长沙市岳麓区', '\'\'\'');
INSERT INTO t_emp VALUES ('user2', 'user2', '猪八戒2', '1', '44654', '654', '646', '541牲口！');

-- ----------------------------
-- Table structure for `t_exception_record`
-- ----------------------------
DROP TABLE IF EXISTS `t_exception_record`;
CREATE TABLE `t_exception_record` (
  `ID` int(11) NOT NULL auto_increment,
  `EXCEPTION` varchar(250) default NULL,
  `EXCEPTIONTIME` datetime default NULL,
  `REMARK` varchar(250) default NULL,
  PRIMARY KEY  (`ID`)
) ENGINE=InnoDB DEFAULT CHARSET=gb2312 COMMENT='异常信息记录';

-- ----------------------------
-- Records of t_exception_record
-- ----------------------------
INSERT INTO t_exception_record VALUES ('1', 'asfasdfasdf', '2011-12-04 12:32:43', '你好呀这是我的i辛西娅！');
INSERT INTO t_exception_record VALUES ('2', '更新员工信息异常!', '2011-12-19 00:19:08', '员工管理');
INSERT INTO t_exception_record VALUES ('3', '更新员工信息异常!', '2011-12-19 00:19:14', '员工管理');
INSERT INTO t_exception_record VALUES ('4', '更新员工信息异常!', '2011-12-19 00:19:16', '员工管理');
INSERT INTO t_exception_record VALUES ('6', '更新员工信息异常!', '2011-12-19 00:19:29', '员工管理');
INSERT INTO t_exception_record VALUES ('7', '员工登录异常!', '2007-01-01 12:10:08', '员工管理');
INSERT INTO t_exception_record VALUES ('8', '获取系统信息异常!', '2007-01-04 06:08:38', '系统管理模块');
INSERT INTO t_exception_record VALUES ('9', '获取系统信息异常!', '2007-01-06 08:37:01', '系统管理模块');
INSERT INTO t_exception_record VALUES ('10', '获取系统信息异常!', '2007-01-07 07:35:47', '系统管理模块');
INSERT INTO t_exception_record VALUES ('11', '获取系统信息异常!', '2007-01-08 02:34:12', '系统管理模块');
INSERT INTO t_exception_record VALUES ('12', '获取系统信息异常!', '2007-01-08 02:35:36', '系统管理模块');
INSERT INTO t_exception_record VALUES ('13', '获取系统信息异常!', '2007-01-08 02:56:34', '系统管理模块');
INSERT INTO t_exception_record VALUES ('14', '获取系统信息异常!', '2012-01-09 19:06:36', '系统管理模块');
INSERT INTO t_exception_record VALUES ('15', '获取系统信息异常!', '2007-01-08 03:47:23', '系统管理模块');
INSERT INTO t_exception_record VALUES ('16', '获取系统信息异常!', '2007-01-08 04:01:22', '系统管理模块');
INSERT INTO t_exception_record VALUES ('17', '获取系统信息异常!', '2007-01-08 04:04:00', '系统管理模块');
INSERT INTO t_exception_record VALUES ('18', '获取系统信息异常!', '2007-01-08 04:04:41', '系统管理模块');
INSERT INTO t_exception_record VALUES ('19', '获取系统信息异常!', '2007-01-08 04:06:32', '系统管理模块');
INSERT INTO t_exception_record VALUES ('20', '获取系统信息异常!', '2007-01-08 04:14:35', '系统管理模块');
INSERT INTO t_exception_record VALUES ('21', '获取系统信息异常!', '2007-01-08 04:17:01', '系统管理模块');
INSERT INTO t_exception_record VALUES ('22', '获取系统信息异常!', '2007-01-08 04:45:22', '系统管理模块');
INSERT INTO t_exception_record VALUES ('23', '获取系统信息异常!', '2007-01-08 05:03:51', '系统管理模块');
INSERT INTO t_exception_record VALUES ('24', '获取系统信息异常!', '2007-01-08 05:52:24', '系统管理模块');
INSERT INTO t_exception_record VALUES ('25', '获取系统信息异常!', '2007-01-08 06:18:39', '系统管理模块');
INSERT INTO t_exception_record VALUES ('26', '获取系统信息异常!', '2007-01-08 06:42:54', '系统管理模块');
INSERT INTO t_exception_record VALUES ('27', '获取系统信息异常!', '2007-01-08 06:48:36', '系统管理模块');
INSERT INTO t_exception_record VALUES ('28', '获取系统信息异常!', '2007-01-08 06:51:37', '系统管理模块');
INSERT INTO t_exception_record VALUES ('29', '获取系统信息异常!', '2007-01-08 07:21:18', '系统管理模块');
INSERT INTO t_exception_record VALUES ('30', '获取系统信息异常!', '2007-01-08 07:33:01', '系统管理模块');
INSERT INTO t_exception_record VALUES ('31', '获取系统信息异常!', '2007-01-08 07:59:06', '系统管理模块');
INSERT INTO t_exception_record VALUES ('32', '获取系统信息异常!', '2007-01-08 08:03:42', '系统管理模块');
INSERT INTO t_exception_record VALUES ('33', '获取系统信息异常!', '2007-01-08 08:09:16', '系统管理模块');
INSERT INTO t_exception_record VALUES ('34', '获取系统信息异常!', '2007-01-08 08:11:52', '系统管理模块');
INSERT INTO t_exception_record VALUES ('35', '获取系统信息异常!', '2007-01-08 08:13:13', '系统管理模块');
INSERT INTO t_exception_record VALUES ('36', '获取系统信息异常!', '2007-01-08 08:14:35', '系统管理模块');
INSERT INTO t_exception_record VALUES ('37', '获取系统信息异常!', '2007-01-08 08:21:22', '系统管理模块');
INSERT INTO t_exception_record VALUES ('38', '获取系统信息异常!', '2007-01-08 08:27:03', '系统管理模块');
INSERT INTO t_exception_record VALUES ('39', '获取系统信息异常!', '2007-01-08 08:27:59', '系统管理模块');
INSERT INTO t_exception_record VALUES ('40', '获取系统信息异常!', '2007-01-08 08:48:18', '系统管理模块');
INSERT INTO t_exception_record VALUES ('41', '获取系统信息异常!', '2007-01-08 08:57:41', '系统管理模块');
INSERT INTO t_exception_record VALUES ('42', '获取系统信息异常!', '2007-01-08 09:15:19', '系统管理模块');
INSERT INTO t_exception_record VALUES ('43', '获取系统信息异常!', '2007-01-08 09:29:22', '系统管理模块');
INSERT INTO t_exception_record VALUES ('44', '获取系统信息异常!', '2007-01-08 09:32:01', '系统管理模块');
INSERT INTO t_exception_record VALUES ('45', '获取系统信息异常!', '2007-01-08 09:32:42', '系统管理模块');
INSERT INTO t_exception_record VALUES ('46', '获取系统信息异常!', '2007-01-08 09:34:33', '系统管理模块');
INSERT INTO t_exception_record VALUES ('47', '获取系统信息异常!', '2007-01-08 21:54:52', '系统管理模块');
INSERT INTO t_exception_record VALUES ('48', '获取系统信息异常!', '2007-01-08 21:56:10', '系统管理模块');
INSERT INTO t_exception_record VALUES ('49', '获取系统信息异常!', '2007-01-08 21:57:01', '系统管理模块');
INSERT INTO t_exception_record VALUES ('50', '获取系统信息异常!', '2007-01-08 22:03:07', '系统管理模块');
INSERT INTO t_exception_record VALUES ('51', '获取系统信息异常!', '2007-01-08 22:12:29', '系统管理模块');
INSERT INTO t_exception_record VALUES ('52', '获取系统信息异常!', '2007-01-08 22:27:08', '系统管理模块');
INSERT INTO t_exception_record VALUES ('53', '获取系统信息异常!', '2007-01-08 22:29:46', '系统管理模块');
INSERT INTO t_exception_record VALUES ('54', '获取系统信息异常!', '2007-01-08 22:30:27', '系统管理模块');
INSERT INTO t_exception_record VALUES ('55', '获取系统信息异常!', '2007-01-08 22:32:18', '系统管理模块');
INSERT INTO t_exception_record VALUES ('56', '获取系统信息异常!', '2007-01-08 22:40:20', '系统管理模块');
INSERT INTO t_exception_record VALUES ('57', '获取系统信息异常!', '2007-01-08 22:42:47', '系统管理模块');
INSERT INTO t_exception_record VALUES ('58', '获取系统信息异常!', '2007-01-08 23:19:14', '系统管理模块');
INSERT INTO t_exception_record VALUES ('59', '获取系统信息异常!', '2007-01-08 23:37:43', '系统管理模块');
INSERT INTO t_exception_record VALUES ('60', '获取系统信息异常!', '2007-01-09 00:26:33', '系统管理模块');
INSERT INTO t_exception_record VALUES ('61', '获取系统信息异常!', '2007-01-09 00:52:43', '系统管理模块');
INSERT INTO t_exception_record VALUES ('62', '获取系统信息异常!', '2007-01-09 01:16:28', '系统管理模块');
INSERT INTO t_exception_record VALUES ('63', '获取系统信息异常!', '2007-01-09 01:22:10', '系统管理模块');
INSERT INTO t_exception_record VALUES ('64', '获取系统信息异常!', '2007-01-09 01:25:08', '系统管理模块');
INSERT INTO t_exception_record VALUES ('65', '获取系统信息异常!', '2007-01-09 02:01:25', '系统管理模块');
INSERT INTO t_exception_record VALUES ('66', '获取系统信息异常!', '2007-01-09 02:06:34', '系统管理模块');
INSERT INTO t_exception_record VALUES ('67', '获取系统信息异常!', '2007-01-09 02:09:25', '系统管理模块');
INSERT INTO t_exception_record VALUES ('68', '获取系统信息异常!', '2007-01-09 02:10:26', '系统管理模块');
INSERT INTO t_exception_record VALUES ('69', '获取系统信息异常!', '2007-01-09 02:11:42', '系统管理模块');
INSERT INTO t_exception_record VALUES ('70', '获取系统信息异常!', '2007-01-09 02:17:49', '系统管理模块');
INSERT INTO t_exception_record VALUES ('71', '获取系统信息异常!', '2007-01-09 02:23:01', '系统管理模块');
INSERT INTO t_exception_record VALUES ('72', '获取系统信息异常!', '2007-01-09 02:24:03', '系统管理模块');
INSERT INTO t_exception_record VALUES ('73', '获取系统信息异常!', '2007-01-09 02:43:22', '系统管理模块');
INSERT INTO t_exception_record VALUES ('74', '获取系统信息异常!', '2007-01-09 02:51:55', '系统管理模块');
INSERT INTO t_exception_record VALUES ('75', '获取系统信息异常!', '2007-01-09 03:07:34', '系统管理模块');
INSERT INTO t_exception_record VALUES ('76', '获取系统信息异常!', '2007-01-09 03:21:12', '系统管理模块');
INSERT INTO t_exception_record VALUES ('77', '获取系统信息异常!', '2007-01-09 03:25:43', '系统管理模块');
INSERT INTO t_exception_record VALUES ('78', '获取系统信息异常!', '2007-01-09 03:33:00', '系统管理模块');
INSERT INTO t_exception_record VALUES ('79', '获取系统信息异常!', '2007-01-09 03:35:11', '系统管理模块');
INSERT INTO t_exception_record VALUES ('83', '获取系统信息异常!', '2007-01-01 09:58:49', '系统管理模块');
INSERT INTO t_exception_record VALUES ('84', '获取系统信息异常!', '2007-01-01 09:59:55', '系统管理模块');
INSERT INTO t_exception_record VALUES ('85', '获取系统信息异常!', '2007-01-01 10:00:26', '系统管理模块');
INSERT INTO t_exception_record VALUES ('86', '获取系统信息异常!', '2007-01-01 10:21:21', '系统管理模块');
INSERT INTO t_exception_record VALUES ('87', '获取系统信息异常!', '2007-01-01 10:30:43', '系统管理模块');

-- ----------------------------
-- Table structure for `t_expense_record`
-- ----------------------------
DROP TABLE IF EXISTS `t_expense_record`;
CREATE TABLE `t_expense_record` (
  `ID` int(11) NOT NULL auto_increment,
  `OPERATORID` varchar(30) default NULL,
  `CARDID` varchar(30) default NULL,
  `CARNUMBER` varchar(30) default NULL,
  `DUEEXPENSE` float(10,2) default NULL,
  `DUETIMES` int(11) default NULL,
  `FACTEXPENSE` float(10,2) default NULL,
  `FACTTIMES` int(11) default NULL,
  `EXPENSEDATE` datetime default NULL,
  `REMARK` varchar(250) default NULL,
  PRIMARY KEY  (`ID`),
  KEY `FK_Reference_6` (`CARDID`),
  KEY `OPERATORID` (`OPERATORID`),
  CONSTRAINT `FK_Reference_6` FOREIGN KEY (`CARDID`) REFERENCES `t_card` (`CARDID`),
  CONSTRAINT `t_expense_record_ibfk_1` FOREIGN KEY (`OPERATORID`) REFERENCES `t_emp` (`OPERATORID`)
) ENGINE=InnoDB DEFAULT CHARSET=gb2312 COMMENT='收费信息记录';

-- ----------------------------
-- Records of t_expense_record
-- ----------------------------
INSERT INTO t_expense_record VALUES ('1', 'admin', '3448824555', '湘B3242', '100.00', null, '100.00', null, '2011-11-14 21:43:52', '没有打折');
INSERT INTO t_expense_record VALUES ('2', 'admin', '3929876513', '湘A8579', '100.00', null, '100.00', null, '2011-11-14 22:10:12', '');
INSERT INTO t_expense_record VALUES ('3', 'admin', '4732815649', '湘A34545', '50.00', null, '50.00', null, '2011-11-14 22:10:21', '');
INSERT INTO t_expense_record VALUES ('4', 'admin', '2911953643', '湘A5436', '400.00', null, '400.00', null, '2011-11-14 22:10:29', '');
INSERT INTO t_expense_record VALUES ('5', 'admin', '3448824555', '湘B3242', '100.00', null, '100.00', null, '2011-11-14 22:10:37', '');
INSERT INTO t_expense_record VALUES ('6', 'admin', '3180389099', '湘B54456', '500.00', null, '500.00', null, '2011-11-14 22:10:47', '');
INSERT INTO t_expense_record VALUES ('11', 'admin', '3180389099', '湘B54456', '1.00', null, '1.00', null, '2011-11-14 22:12:06', '');
INSERT INTO t_expense_record VALUES ('12', 'admin', '3180389099', '湘B54456', '1.00', null, '1.00', null, '2011-11-14 22:12:10', '');
INSERT INTO t_expense_record VALUES ('13', 'admin', '3180389099', '湘B54456', '1.00', null, '1.00', null, '2011-11-14 22:12:14', '');
INSERT INTO t_expense_record VALUES ('14', 'admin', '3180389099', '湘B54456', '1.00', null, '1.00', null, '2011-11-14 22:12:18', '');
INSERT INTO t_expense_record VALUES ('20', 'admin', '3448824555', '湘B3242', '1.00', null, '1.00', null, '2011-11-14 22:12:48', '');
INSERT INTO t_expense_record VALUES ('21', 'admin', '2911953643', '湘A5436', '1.00', null, '1.00', null, '2011-11-14 22:12:56', '');
INSERT INTO t_expense_record VALUES ('22', 'admin', '2911953643', '湘A5436', '4.00', null, '4.00', null, '2011-11-14 22:13:07', '');
INSERT INTO t_expense_record VALUES ('23', 'admin', '2911953643', '湘A5436', '4.00', null, '4.00', null, '2011-11-14 22:13:11', '');
INSERT INTO t_expense_record VALUES ('24', 'admin', '2911953643', '湘A5436', '4.00', null, '4.00', null, '2011-11-14 22:13:14', '');
INSERT INTO t_expense_record VALUES ('25', 'admin', '2911953643', '湘A5436', '4.00', null, '4.00', null, '2011-11-14 22:13:22', '');
INSERT INTO t_expense_record VALUES ('26', 'admin', '2911953643', '湘A5436', '4.00', null, '4.00', null, '2011-11-14 22:13:25', '');
INSERT INTO t_expense_record VALUES ('27', 'admin', '2911953643', '湘A5436', '4.00', null, '4.00', null, '2011-11-14 22:13:29', '');
INSERT INTO t_expense_record VALUES ('28', 'admin', '4732815649', '湘A34545', '50.00', null, '50.00', null, '2011-11-14 22:13:40', '');
INSERT INTO t_expense_record VALUES ('29', 'admin', '4732815649', '湘A34545', '4.00', null, '4.00', null, '2011-11-14 22:13:44', '');
INSERT INTO t_expense_record VALUES ('30', 'admin', '4732815649', '湘A34545', '4.00', null, '4.00', null, '2011-11-14 22:13:48', '');
INSERT INTO t_expense_record VALUES ('31', 'admin', '4732815649', '湘A34545', '5.00', null, '5.00', null, '2011-11-14 22:13:52', '');
INSERT INTO t_expense_record VALUES ('32', 'admin', '4732815649', '湘A34545', '4.00', null, '4.00', null, '2011-11-14 22:13:55', '');
INSERT INTO t_expense_record VALUES ('33', 'admin', '4732815649', '湘A34545', '1.00', null, '1.00', null, '2011-11-14 22:14:00', '');
INSERT INTO t_expense_record VALUES ('34', 'admin', '4732815649', '湘A34545', '1.00', null, '1.00', null, '2011-11-14 22:14:04', '');
INSERT INTO t_expense_record VALUES ('35', 'admin', '4732815649', '湘A34545', '1.00', null, '1.00', null, '2011-11-14 22:14:08', '');
INSERT INTO t_expense_record VALUES ('36', 'admin', '4732815649', '湘A34545', '1.00', null, '1.00', null, '2011-11-14 22:14:11', '');
INSERT INTO t_expense_record VALUES ('37', 'admin', '4732815649', '湘A34545', '200.00', null, '200.00', null, '2011-11-14 22:14:16', '');
INSERT INTO t_expense_record VALUES ('38', 'admin', '4732815649', '湘A34545', '1.00', null, '1.00', null, '2011-11-14 22:14:25', '');
INSERT INTO t_expense_record VALUES ('39', 'admin', '3929876513', '湘A8579', '40.00', null, '40.00', null, '2011-11-14 22:14:33', '');
INSERT INTO t_expense_record VALUES ('40', 'admin', '3929876513', '湘A8579', '1.00', null, '1.00', null, '2011-11-14 22:14:36', '');
INSERT INTO t_expense_record VALUES ('41', 'admin', '3929876513', '湘A8579', '1.00', null, '1.00', null, '2011-11-14 22:14:40', '');
INSERT INTO t_expense_record VALUES ('42', 'admin', '3929876513', '湘A8579', '100.00', null, '80.00', null, '2011-11-14 22:14:46', '');
INSERT INTO t_expense_record VALUES ('43', 'admin', '3929876513', '湘A8579', '100.00', null, '80.00', null, '2011-11-14 22:14:54', '');
INSERT INTO t_expense_record VALUES ('45', 'admin', '3929876513', '湘A8579', '200.00', null, '200.00', null, '2011-11-14 22:15:58', '');
INSERT INTO t_expense_record VALUES ('46', 'admin', '3180389099', '湘B54456', '100.00', null, '80.00', null, '2011-11-14 22:16:42', '');
INSERT INTO t_expense_record VALUES ('47', 'admin', '3923188513', '湘B64564', '110.00', null, '110.00', null, '2011-11-16 00:48:55', '');
INSERT INTO t_expense_record VALUES ('48', 'admin', '3923188513', '湘B64564', '20.00', null, '20.00', null, '2011-11-16 10:32:10', '没有名字可取！');
INSERT INTO t_expense_record VALUES ('49', 'admin', '3180389099', '湘B54456', '100.00', null, '100.00', null, '2011-11-20 21:53:52', '');
INSERT INTO t_expense_record VALUES ('50', 'admin', '3180389099', '湘B54456', '100.00', null, '100.00', null, '2011-11-20 21:54:12', '');
INSERT INTO t_expense_record VALUES ('51', 'admin', '3180389099', '湘B54456', '100.00', null, '100.00', null, '2011-11-20 22:08:47', '');
INSERT INTO t_expense_record VALUES ('52', 'admin', '3923188513', '湘B64564', '100.00', null, '100.00', null, '2011-11-20 22:24:31', '');
INSERT INTO t_expense_record VALUES ('53', 'admin', '4464380193', '湘BCDEF', '1.00', null, '1.00', null, '2011-11-24 10:53:06', '');

-- ----------------------------
-- Table structure for `t_member`
-- ----------------------------
DROP TABLE IF EXISTS `t_member`;
CREATE TABLE `t_member` (
  `MEMBERID` int(11) NOT NULL auto_increment,
  `CARDID` varchar(30) NOT NULL default '',
  `NAME` varchar(50) default NULL,
  `CARNUMBER` varchar(50) default NULL,
  `CARTYPE` varchar(20) default NULL,
  `IDENTIFICATION` varchar(30) default NULL,
  `PHONENUMBER` varchar(30) default NULL,
  `WORKPLACE` varchar(50) default NULL,
  `CARPICTURE` blob,
  `REMARK` varchar(250) default NULL,
  PRIMARY KEY  (`MEMBERID`),
  KEY `FK_Reference_1` (`CARDID`),
  CONSTRAINT `FK_Reference_1` FOREIGN KEY (`CARDID`) REFERENCES `t_card` (`CARDID`)
) ENGINE=InnoDB DEFAULT CHARSET=gb2312 COMMENT='会员信息';

-- ----------------------------
-- Records of t_member
-- ----------------------------
INSERT INTO t_member VALUES ('1', '3929876513', '武学鸿', '湘A8579', '小汽车', null, '15802540365', null, null, '');
INSERT INTO t_member VALUES ('3', '3448824555', '林锋', '湘B3242', '重型机械', null, '1354898732', null, 0xFFD8FFE000104A46494600010200000100010000FFDB004300080606070605080707070909080A0C140D0C0B0B0C1912130F141D1A1F1E1D1A1C1C20242E2720222C231C1C2837292C30313434341F27393D38323C2E333432FFDB0043010909090C0B0C180D0D1832211C213232323232323232323232323232323232323232323232323232323232323232323232323232323232323232323232323232FFC0001108014F01FF03012200021101031101FFC4001F0000010501010101010100000000000000000102030405060708090A0BFFC400B5100002010303020403050504040000017D01020300041105122131410613516107227114328191A1082342B1C11552D1F02433627282090A161718191A25262728292A3435363738393A434445464748494A535455565758595A636465666768696A737475767778797A838485868788898A92939495969798999AA2A3A4A5A6A7A8A9AAB2B3B4B5B6B7B8B9BAC2C3C4C5C6C7C8C9CAD2D3D4D5D6D7D8D9DAE1E2E3E4E5E6E7E8E9EAF1F2F3F4F5F6F7F8F9FAFFC4001F0100030101010101010101010000000000000102030405060708090A0BFFC400B51100020102040403040705040400010277000102031104052131061241510761711322328108144291A1B1C109233352F0156272D10A162434E125F11718191A262728292A35363738393A434445464748494A535455565758595A636465666768696A737475767778797A82838485868788898A92939495969798999AA2A3A4A5A6A7A8A9AAB2B3B4B5B6B7B8B9BAC2C3C4C5C6C7C8C9CAD2D3D4D5D6D7D8D9DAE2E3E4E5E6E7E8E9EAF2F3F4F5F6F7F8F9FAFFDA000C03010002110311003F00C5038A08E68031CD2E726800DA00A5C7B0A3BD2D00181E828C0F41499E6979F4A00303D051819E8296933400607A0A30BE9466838A00085F4A6903D053A90814011B77ACABD9258CF12B8FA31AD63C5656A232BF8D084CCD375719FF005F2FFDF669A6EEE3FE7BCBFF007D9A63719A8CF5AD044BF6BB91FF002F12FF00DF66945DDCFF00CFC4BFF7D9A80D0339A4345B4B9B93D6797FEFB3537DA27FF9ED27FDF46AAA74A90838EB49949129BA9BFE7B49FF007D1A8CDD5C769E4FFBECD4479A3145843BED771FF3DE5FFBECD21BBB91FF002DE5FF00BECD348A4099A341587FDAAE7FE7E25FFBECD2FDAAE7FE7BCBFF007D9A684A52945C760FB5DC8FF96F2FFDF66A58EEE73D6693FEFA35184A72AE280B1712698FFCB57FFBE8D38CD28FF968FF00F7D1AAE87F3A905265F424F3E4CFFAC7FF00BE8D235C4B8E247FFBE8D46D5131E280124B99F2713C83FE046A3FB4DC93FEBE5FFBECD18E6971CF4A6880F3EE7BDC4BFF007D9A3CFB9FF9F897FEFB34A129C500A0060B8B9FF9EF2FFDF66A417171DE693FEFB34C2076A4C006802717139FF96B27FDF4699F699F7E3CF93FEFB34D079C76A637DFA16E266CD83C84FCECCC0FA9CD6AAAA9EC2B334D03C9535A63DA8900F0ABFDD1F951B53FBA3F2A55A5CD480796BFDC5FCA944699FB8BF952839E28A6027969FDC5FCA8F2D3FB8BF953A8183D6900DD91E7EE2FE54BB23C7DC5FCA9475A52476A60279498FB8BF951E520FE05FCA9D9CD14806F949FDC5FCA8F2A3FEE2FE54FA4E7BD0034C69FDC5FCA8F293BA2FE54E1494C0618D3B22FE547969FDC5FCA9F9A38A18223D89FDC5FCA90AA7F717F2A938A6E00A0066C5FEE8FCA8D89FDD1F9538E6933400CD8B9E83F2A42A3FBA3F2A79C7A506901580C53A90718A5193D281873450734B4005079A4C669450019029462928A005C51DA93A51400848A4A71231D29B40086B3752FF57C7AD691E959F7E331D084CC27EB51938A95C104D447AD6824379A72E69A719E29C94B61932F0334FCD3474A334B4187D69C00A4A33CD03B0E00669C146699BA8C9CD2B012E001484526E1DE9A64140D0EE0F1401C53038CD3D5B346A03D7AF1528E95103815321CD031AC33D6A16E2AD32F1559C60D00338F4A760014DCD0D9229EA2761C5C0EF4C32542CDCF14818E79A7626E4BB8E7A51939A6720D397345809067D29181620D3D46452794DD85084CBFA75CAC5F239C03D2B6E3756190735CD797220CB291E84D5FB0B96F3047D41A1AB893B1B4334E078E6980F14E07DAA46387BD2D275A39CF1400B4BDE9334A2800A5ED4DCD2F5A2C028A5EF4829734082968E0D19C718A0041476A3341CD2189494ECE68C50034F4A42452D2629FA809D6931CD38FA521E9482C34D21E99A7727AD2714015863029DF434831B452668285C7341EB40E69734084A5CE2814500008C51C51ED4600A0028A3A519A0006290D2D2134D80D6AAF70819083563AD3580DA411480E6EEA3DB21AAA456B6A11720D6511CD5AD8923C714A870706941C1C529C75A063D4D3F3C5421B1D69E1C1A561DC7E4914BB4F7A5507141CE286310051D4D3D70781519524669C9953409DC571B7B5464E3D2A661BD6A1F28D089D43201C9A995432E69822DD53A47B46282D219E5E2944A633834B29083AF34C424B82681F91604923AF11FEB55E4128E481F9D5F89B23A54538EB48762AC4411CF5A56539CD44AC4355A0320669B15AE5478F26915306AE18B349E5E28B894480466A548EA558F9A955314AE3B1184038AB76D1AB0FA543B6A7B6387C7AD17134493C01E311E719352DAD9242C18312DEA6A4C06700D5855145C9B0F14E14DE9CD3BA8A00514ECE0534528A2C171734B4DA5CD002E28E33C5252E71400BD0D2F149DB3466800A5E69297BD002F5A41EF4668CD0210D19CD04D1C0A4310E68CFB52F5A438C51601291A97A506810DED48462971838A31CD319547414EE29A3A0A5EB4862D147D68A005ED498A0F4A2800C62827DA8C8A4C5300A38A5149DE9084E9452D0680129A696834C0CFBE40633EBDAB16442879AE8E58F775ACED4600B10703A1E684FA058C66EB428E695C75A6A75AA0260808A410B0391D29EA78A956A6E558231C60F5A902508B839A900A5B94911ECA04752E0D1814F5023F2F34E11D3E973CD20B0C09839A76474A5229B4C6579D77B5244877735338E696303345C5CA598BD0524D1E734B18C1A99C02B9A4558C9D987AB0A714920C1E9480E69DF426D62404528A403E94B8F7A431D914A1A9B803BD1914031D4F8CED6CF4C547BF1DA9BBB753259A36EE647CE6AF28E3AD66D8F2D8CD690F4A081E3914EE29A38A518A00514BDE928E68043A8039A404D28E0D020EF4B40EB411CD002E68C8A3147146E316969334641A1200CD00519E6979A004349DA9C734940098E3AD252E3028C73CD160129302971CF149DF9A004CD26734EC0A6F4A2E2B1587414B8C74A4EC28A450B4527D6945001CD2D00F3450019A0D201CF348793400EE9499E28A0500252F3451400948714A7AD21A04348E6AA5F26EB76CF41CD5BEB514C9BE265F50450339A9930722A251CD5B9172BCD56C62AC448BD2A64350AF22A41DA9148B00F152A80C38EBE955C1E29739A4513B230E3148148A62B103AD48189EF4AC17000D3B6D2668CF1D68186DA46200A42C6A373C5310D66DCD8152A62A28D493935385C50CA448A79A9C0CA5560706AC2B80B8A96865590724540D91D2AD498CE6A1E0F14C4311BD6A40734C6500F14F55E2842B0B49D0D3B0314D6181C5002134034C24E6914E4D3443352C064935A439AA16031193EA6AF8A762478E940F7A414EA5601D4679A68A750216969A06696980BCD1D68233CD1F5A005A29338A33C50028A0D0297B5200C5140A2800CD2934941C77340C4E9476A5C034706801B8A0F228C67BD2600A0406929734D231486561EF4BDE9A3A51C8A0638F349D281D7A504F6A00539CF147D6928C5002E71452502800EBDA9474A01F5A4CD021738A4393451D681898A0D2D25310DEBD29A79A7FD29B8CD219897917972631C1E9549D6BA1B8844884743EB58734651883D6A930225C814FCD305394D161A63C134F0714D18C52D219229CFD29C3DA9AB522D031C053B6D0B4B48634AE2A0938AB06AB4E0F5A602A3855A0CEA38CF355CB1231DEA068D89A04DF62F89F35209C639ACD45607AD4A188A760BF72C49363BD56F38E78A47CB5228C76A1242B96158B119AB4A78C552404B55B071498D0E34D6F7A0B5349A40C61EB421C1A43C9A551F30AA44B36EC87EE16AD8C8AAD6B816E9F4AB229752478A5A6D2D0028E94A3AD275A5145843851D4F3487AF5A5068570604D1D693AD1D2801714B49DE97BD03B8B4670283494085CD1DA8C71475A003AD14507AE28014834DA5E68340F613DE90E7AF6A5C91499C8C50026727A51F5A31484D1A0157B52F414D14BD2818669719A4CE68E94842D18A28C9A062F6A4E3A5146714083814B499E29450025141C0A41D6980A4534E7D697BD140094869693193400D2339AA1756A646DC8326B408A662901CFCB0BC2D8742A6995AB7E9F26EC74AC93D6A868783C5396A2CE29E09348A260462A40D5003DAA407028193034FC8C5421A9DBBD2818A4F3D6A36191CD2E734D2D48640D173C526DC75A90B6781463D6992308C8E2A3239A989A6119A02C342EE14E098A5071D4D37CD19A770B0F52075EB52EF18A83783D282D4B70BD89F70C519E2A0DDC5383714215C75393AFBD479E6A58F961F5A68966EC0311281D302AC2F4A8506062A553408781CD2E29B9A506801D8A5EF4DC834EA042D1499A5CD01A0A0D00D266806801452F7A4A33C524314628E29339A3A50C43A818A6E6947BD002E4D145266800E9451DE908A7600EB49477A5A40203EB4878A51D29A4E290CAA38E68CF34940A063B347E14DE452D002D1494A31400B499A0E334669A0178A3A5373934A6810668A4A5CD2D0028A4A4140C5CD14706928010D3694D21340105D2EF8580F4AC36E0D740FD0D60DC2EC9580E809AA42194A0E2980F34E148A1E1B26A4078A897DE9E33DA82AE480D38B002A21E941E94800B9CD206A6138A89A4C1A62B9316C1A6BCA0540D216A60C934C2E4C65269BBCFAD208C9A7F924753406A30B93DE9B9A9BC907BD218C0A616643BE9C24A0A8CD2AC7934124AAD91520A62A60529E94862939E9562CC6EB841E87355338357F4E1990B76028259B49C629DB80EF550DC05EF4C372A7EEE4D005E0E29C1F3543CC958F03029E1246EAE69D892F83520298E5D47D4D505B704FCC726AF5959452CE88541DC714581B11A48547FAD4FF00BEA9827881FF0058BF9D5BBEB18E09CA6C1D01E9548C283B51A00E33C7DA45FF00BEA8DE0F4607E9519853D2A36814F4A3402CF99D8D3C3678CD671478CFCA6944CEA46EA2C173481341A862943AE6A5EA33523B8EA306939A326818B9A3349DFDE8E94C42FBD19CD26693F1A41714D1475A69E38A2E0293DA9A78A5CD21E680B95683D6931EF41A450E149D28078A31400134519A4C1CD301D41A4A338A402D2668A4E9408539A338A4CD1C1A602F14134D1466900B484E0D2668CE6818139A4CD19ED4869880D646A31E24DDEB5AC4D55BA8FCC89B8E71401879A72B629846188340340C981269E1AA00D4E069157260734B9E2A307B53874A60472024F151188F5356C00682A08E94058A7B714A38A9993D298569DC2C2ABE2959FDEA32081498E681DD8FF3290BE6902D281ED40AEC6E326A545A40314F06810E2702A32694B5444D0818E0726AFC527971855EA79359CBEB5621970FF350912CBC8ACFCB1AB28805411B823839A9C734C44EB8A956A05A9948A00941E455FB17D9711BFA30359EA455985F0E0D34C4686A8C5EE4B123240CD6693CD599DCB9C9F4AA84D2400DD698DD6949A693400C3C9A6328229C4F3487068016D54AB1F4AB82A18C7CB520A403E8FAD203477A4314519A42D45340145149C526019A01EF494BC0A04008EB486973F95373E940CAC690D14948A14519E69334A78A0033464E69339A5E9400A4F1499A4CD1C75A005A4E6909A4DD400FCD2678A4CD1400668269A4E2ABCF74908E5867D334C4582693766B264D4A57E11427BF5355DAE276FBD2B9FC69D85737B38A42D5CF7DA265FF0096CFFF007D1A3EDB723A4EF4582E7405877ACFBABF085923C13D09F4AA3F699D87CF2B37B1A8CFCDCD16B0C8893BB34B9A6BF069A1B9A4324CD2EEC5301A5CD20240D4E0E6A0CD3D5A981615E9FBB35006A786A0A43CF4A40B4507A5001B01A3CB03B5391B14EC834C637031D29A403D29CC4547BA905C3BD19A693CD2134137118E2A177E695DF1516734EC26C995C0AB11ED615497935323106811790347823915721983707835560941183CD4CD1646E4A4A4162F29A996A8C52E3E56EB56D4D5089C54C8706AB2D4C8714C45976C8A84F27AD296E2984E6900A7834C638A29AC680184F34521EB41E6802C45F76A5E2ABC470B52EEA4F518FE946693DE8A005A3B5274A5CD201692838A4273400A0D21C1A3B519A042F6A6669C69B4D8CAA79268A43D4D266A4A149A5A68E6909C1A007679A4760A39E951B3851C9AA93CC5F81D290165AE5074E6A36BCC7F0E7F1AA6ADCD2B734AE348B7F6CE395FD68FB627F748AA2C71C52738A2E3B17C5EC59E4907DC54CB2AB8E08AC8269CB210BC123E94EE2B16EF2E0A26C53F31AC977E4E79352C8ED2393D6AA3E771AB5B1161C64A61734DE680A4D2630279A7260D023F5A78403EB45C2C38735201F2D0911C734D90E29363209783C543EF52373511A6807034ECD316A4C71400B9A4EF4628A00915A9E1AA0A50D4C0B41F8A50D55839A76FA43B93EF149BC5425E937F14C2E4C5E98CE735116A6EE346E2B9296F5A616E293AF5A4E94AC0394063CD39E318A62B7352E41157A92418C1A78A714079EF4D030D49A04C990918C55FB79F91EB59E879A9918A9C8A828D82AB2A671F352452143B4D57824279AB0EBB86E1D68BD81A2D2B548A79ACCFB6F9476BA9FA8AB315EDBBFF001E0FA3715641A04F14CCF34D47561F2907E8734B4AE3034D24D3B229A4D0030F26909A561484714D0892235366ABC671C54F9A431D9028C9A41CF5A5CE78A005EB403CD37A538520B8B9CD252519A77158776A4A4CFAD266958771D498A4CD19F7A00A6C70C7EB499A82E2E962661D4E4F4AA125DB39EBC7A54966AEEA0B719359D14EC475E6964B962857BD2B8585B99B2FB47415086C8EB51139E69CBD287B02245EB4E34806075A5E95050C3814CE7AD3DA9873EB46A0358E453149E453C9E71511386AA400AE164E6A77B2F397746403EF559F8E6AD595CE1B6B557427A951AD5D0FCC3F2A4DB8ADD923591372D664F185C9A9E66162A74AB104258E4D2431798D9ED5A0DB618BA7354DD848A92E106055191B71A967725BAD40C692D4621A8C8A7F6A146E6C5508628E6A4029F244530714D02A8031498A751400CA2948A5C50026294034528A0042B498A71229B4008681475A00A402D252D2114C0677A7A35308E68C5512C9C1E6A630661DE2A2B785A570A3F13E95A9320480A8F4C50C46529C54C879A80F0C6A68CD432D162372A6B4A0901033D2B28354F0C84540CB5776FB86E5E959E10E7A56BC6FB9369E86AADC44636C8E94E321491514B2F4C8FA54EB773A71E631F63CD309A6907A8AB52EE4B45B5D4251F7901FA1C5588AFE27186CA9F7ACD56EC453F6A374EB4EE85A9AA65047046293CC07BD63B02A78A413C80F0C7F3A6A21736C3E0D4EADC562C578F91BB047D2B56170E81874349A0B93834B9A6E78A5CE79A431C28CD37AD2E6801C48A4A4278A01A402E693AD19A4A000D04FAD04D2679A00E7EE48371283FDE3FCEA02B53DC2E6E65FF7CFF3A8981159366B61036C3ED5270CB9A88F2306911886C1A3701C518F6E2A455DBC5386314BC66A6E3B0A48038149BF8A701C530F24D21885B3D01FC69BBBD694D3339CD3426216A8D8549B41A89B22A91207045467E56C8A703411915484CB76D7C5061B38A648C6E25F9410B50471976C0AD3B68020C9E94ED6D45B845188A3C9154EE662CD8AB3752800806B358EE27353B8C4EB51B0A7FB535AA8420E9421024069050BCBD35B83358C4B2C5B7BD5092168DC822AF5A3F4CD5C92049979AA24C3DBCE68C55A9AD1E23C0C8F6A8714144245254A569A45003318A0D3C8A4C500478E79A534A473462801B8A50297140A0043D690D2D2119A2C033152C511958281C9A7436EF2B61466B6AD6D1605E9C9EF4F6244B6B65B74CE39EE6A0BB933902AE4CC02D664D924D1B88A2DC3548951BAE0D3A3349A2913E6A45CD401B9A915AB36517A0908E09ABB8134783D6B215883D6AF5BCDC8F5A404122146C533BD5FB98C3AEE02ABC5106EB4EE162111339A956DA4ED8C55F8E10AB93C0AAF7578B182AB4293158AD2288C7CC6AB1C31E29AD2B4AC4B1A41906B58F990CB10461980F5E2B62DD3CB4DB9C8ACBB6FBE2B590F14E4244BDA941ED48297A1E2A0A17B500FB51CD19C714085E0D04F34527BD31803467341A2800EB4848A5A43468073F70D8B9973FDF3FCEA3EA3229D7433752FFBE7F9D461B8C562CD90D2D8A6B1E72293079A6B7142116237CE01A9AA921E78356D092BD69490D6A3B27141E293341A818C734D419E6890D2C5CD5741751C179A648B9ED529EB4D22920299F95B9A9114CA703A52BA6E3562D5541EB5A264589A1B708A18F4A74B371B47414F79370C76AA73BE0102A5CB52AC432B966F6A84E41A339A339AA4488C3A1A4A5EB4DC9CE3B53010F0685FBD4A7A5083E615484CBF07415A113F03359F129C0356E335645CB85438E45559AC15B95E0D4E8DC715329C8A2C3B9852C12444EE538F5A848AE91A30C3903F1AA73E9F1BE48F94FB5160B98D8A691CD5A9ACE68C9C2EE5F515518E1B0460D03B8A4530D2961DE985B9EB4863A8A6EEC9E2A58ADE498E02903D48E29A11155BB7B279486230B576DF4F58C866396ABE1428A62B91416C9128C0E6A576005233E0540CC49E28622399C93507979049AB3B3279A7F9785A04634EBB5AA25602AE5EAE1C7BD532B50CB43B35225458A7026A465815244F87EB55D7245391B07AD48CD98CEF4DBEB51C6EB0C8C1FF000A8EDA5CE28BF8C91BD7D2843647757FCE12B39D9A439624D21CE69556A92B12D8ABED4FC10694263B5481411CD5730AC4B6DF7C56BA74AC98708D935A51C8ACBC1A2F715AC5814E06A3078A7678A2E31E49A5CF14C19A5C8A042E68A4EB476A043BAD21F6A4CD2E7140C074A4A5CF14DA340673F39FF4A981FEFB7F3A848C1A7DC1FF004C9BFEBA37F3A43C8AC99B0CCE0D44FED521600E2A371E94213111B6B55A8DB354D700D4F136D6143045B34D6268273CD274ACCA23634B11C535FA522360F154B62752C67D690FB526ECD26702A4A686F7E69540539068C6450BF29E2A9310F326D1D6ABC8F93CD4CCA187BD40E847069AB099599F0D4F43BB9A8E5439A7400E6AEDA13D49B00546FD735231151E413490D899C8A7C432E053338A9223871548935238F0A2A40314E840282A531D688818A48A950D37652818A6227539A5351814EA001941AA935AC52677C6A7DF156C9AA17D782152AA46F3DBD281A332F208A26C275F4CD53DB524921762C4E4939351EE14582E2AFCA722AF5B5F189807195F6EB59DBA9771CD0074F1CCB22065208A52C6B02D6E4C1273CAF715B714AB2A6E072295805233405A900A701405862A7AD3C8C0A780314C7200A571D8C9BFE655FA553602ADDF9CB0AA3C9A96521DB734E0285E0629D52313763814AAB9EB49819A783C52B858B36EC0102AFF001247B4D6621C1CD5D89F8069363B14668B6484629AA9CD5FBA50EBBBBD544C30F7AAB8AC39578A5C66971C503835171D84C5489214E9499A4C034E2C1A2FC5701B00E33560303DEB2854F1CCCBD4D5DC968D0CD28A8239038A9B2314D326C3C118A01269A0668EF4C63BBF3484F3475A4EB4085C9349D28E94848A019CDDD1FF004C9BFEBA37F3A453C52DDFFC7E4DFF005D1BF9D441AB366A0E79A1BA714D634EED9A4044783522B530F5A45AA24BA8D9029E6ABC6D8C0AB3D4566D169913546080D52B60F351679E28404EBD2909E29A8D4E34AC17004E69B21A766A37E69A131126C1C1A9C85916A930EF4452953CD3711264B2478E28550A702A5560E290C7DC74A2FD07622603AD467D6A5606A3DB4D08693C53A33961ED4C229E9C55211B368F941F955D001159760F9CA9ED5A6A78AB44B02B498A7D18AB2468E29738A427154AF6F442BB57963FA5002DEDF2C2A429CBF61E9585248D2316662C4F5268924691CB31C93D4D369EC21BF5A4229D41A063714A3AD2E28A401562DAE5A06EFB4F51500146050074704E92AE54E6AC035CC452B44E1D4E08AD5B7D49241B64C2B7E869319A24E05569E60A39344930099CD674B21763CF150D94864CDE6B5461314BFC54F02A5B1A22DA68C91D69E73D850411CD2B8586E475A703C50066976F140C51926AD4270B8AAC0D3D5F1498234010C84551E8E78AB0B200334AF209073493022CE4521E0D337609F4A7A9CD031D8CD005028E4F19A402D283C5007148298AC4AAC54F157229770F7AA391DAA489F6B0AB8B25A34013477A6A9C8069DD6A84C5A3349CD04F34C02909A334645008E72EF9BB9BFEBA37F3A83BD4F75FF1F73FFD746FE755CF073599A037514F032B51B678A990FCB430444C0034DE878A7C83E6A6F7A109B1E8D83CD5B46CAD53AB111CAD4B290E6A84FEB539504D44E31CD24C013AD4A4D420D4D8CAD26171A7A669A79A715A6914D088D96A264E6A6229B8E6A9310C0CC86A78EE33804F26A329906ABB82A783468C2F63418071C1E6A26523AD558E76538ED5612E15861A972B43BDC6B0348BD6A62548E0D46569A64B458B57DB28F7E2B5D1B8AC156C107B8AD4B7983AF5E6AD3117B34A5AAABDC24632CC001EB59D75A8B484AC44AAFAF73564B2D5EEA022F963C337F2AC7776762C4E49EA690F34552244E452734ECF14828189938A0D0697B50213A51D29296801714B8A414B9A062E29550B1A41C9A9C00054B761A43C39550BB891F5A334807140159DCB4853C8A55A4C8A3710690C750466827239A55191C548C0018A4E7B1A508C7B539613DCD17EE0444F34E0AC7A54E235141641ED4730AC35148E09A5650075A634C33C522B1938A6AEC6D8E52314EC7715181B4E0D49C6293120079E6A41CD30F1403EB4809314A3AD206E38A4CD03B8FA3906901A09A684CBD03E507AD4E3A567C126D38ED5754E456A886499E29B4668CFAD300CE4D00F6A426901A00E7AE48FB64FFF005D1BF9D40D8CD49738FB6DC7FD746FE66A2350CD2E04D4D1FDD150374A923385CD27B004A39A6AD3C9DED48CB81D295C04CD4B1B6187A544BC8C5386473401746D23D2A19578C8A7210579148C7AD67D4A22E82A643F2D42D524478AA68438F151127352B1CD47D684219CB7152228EF483F5A7F4A1B18A40618AA73A63356C75A8A74254D0989EC671E0D2E6948E4D00715A9039188E86A413B29E7A531509A1A32066802CA48AFD460D4AAEC99286B3D495353AC9E86958026791CE5CF3F4A601539224186EB4C64DBD39154A42688E941A69EB476AB44851475A38A6029A4A53D29B400B40F7A3EB476A005C8A3349D294526344918E735275A6A838A78ACDB290E078A2942FAD0CEA82A2E500524D3C2A8EA73558CC58FA534B9CF5A2CC2F62EEF41D853C4ABDAB3B71F5A3731EF4720731A2660298D720743548038A36D1C81CC5869C9E9511627BD270280467AD524908728E6AC46029A801C1A995B8A180A49DF5262A11967A9874A990D5C5E94A690628EB5050038E29F907A5340A0F5E3AD310FC52FD699BB03069C4FCB4D884DD86ABF03EE5159C48AB56ED93D78AA8B25A2F74A4CE6901A33CD5885E829BD683D68CE7A53B05CE6AE4FFA7DC7FD756FE74C3D696EBFE3FEE3FEBAB7F334DED50CB4230A5078029A4E052C7F335004E8BC8A73AD2275A95864566CAE8571C1C1A78233CF4A6C836B5206E2A892C271D295B91934D89B229EC091C5415E841D5B15385C0E2A020AB66A457C0A18D0FC67AD378E69DBF229A0E4D240C677A7F6A31934118A62014AE01434C269E0E4628033E45C350BD6A6957E6E94C55E6B44F422C48169E5415A6806A745CD4B194244E4D3012A7DAAECD1D5465E6AA3213D07AB66A556E39E955B9539A991B22A988574079151D4E0D4722F7514D306865252D255A64B0A297BD14084A0514B40C29CAB9348324D4CA0D4B634876DF4A9142A8C9EB48085151B313D3A565B97B0E693B0A61527AD0A2A414F602B9420D1835395A4C0CD17158871CD380A7B28ED4AAA08A2E160045057B8A5DBDC528271CD171D8818163C533BF5A99860E40A84F5E9548964CA7229F9C2D3146179A4272714BA8C9E1E99353F6A853802A5278A9914B617A0A51C8A68A701ED5202926834DCE68CF61400A68DC71D281EF4753C1A6201F4AB16FF007F155F9C7153DBFDEAB8A132F66834DCD1DEA842E68CD373CD2134C473978717F71FF5D5BF99A6E78AB1796772F79332DBCA419188210F3CD356D2E71CDB4DFF007C1A965A20269633D4D4C6CEE7B5B4BFF7C1A16CEEBFE7DE51FF0000348058AA7E285B59C003C897FEF83527D9A703FD4C9FF7C9A86522B4A062A119C55D7B59D873049FF7C9AAE6D2E41FF8F797FEF8342131623835641E2A24B5B8079825FF00BE0D5848270398A4FF00BE4D2921A646403D4544E83B55A304DFF3C9FF00EF934D36F31FF96327FDF26A55C1EA551C75E94F1D33529B69BFE78487FE026A192D6E87290CB8F4D86AB561A0E53CF15232EF1C75A82282EB3F35BCBFF7C1AB4B0CE3FE58C9FF007C9A4E2C132A95C1C1A728C1A925B69CB644327FDF26916DEE07FCB093FEF834F5110CAB9A8A35F9B9ABAD6D391FEA64FF00BE4D45F64B80D9F225FF00BE0D0BB0005A78E29EB6F363FD4C9FF7C9A3ECF3938F264FFBE4D4B4C64720C8155644E2AF9B79B18F2A4FFBE4D31AD6623FD4C9FF007C9A6AE84CCDC718A0020D5B6B3B8ED04BFF007C1A16D2E3BDBCBFF7C1AD1326C400E29D53FD8E7FF9E127FDF0693EC973FF003C25FF00BE0D00CA8C30699575ACEE0AFF00C7BCBFF7C1A87EC5743FE5DA6FFBE0D68992C8B38A054DF63BAFF9F697FEF8347D8EEB3FF1ED37FDF06AAE2B1052E6A5FB1DD7FCFB4DFF007C1A5167759FF8F79BFEF8340091AE79A9B851CD4896B3AAFF00A8973FEE1A67D96E59B260971EE86B27A9686282C727A53C8E2A65B69C0FF5127FDF2686B79FFE7849FF007C9A82B42BE29454BF65B8FF009E127FDF0693ECB71FF3C24FFBE0D3D40611C542FB8E48E956BECF71B7FD44BFF7C1A88DADCF23ECF2E3FDC34D09959246CFAD5956DCB51FD8EE7FE7DE6FFBE0D4D15A5C81CC128FAA1A7242434F5A71ED81521B59CFFCB193FEF934F4B4998F3138FF00809A9B0CAF839E94A22C9CE2B412C987251BF2A6CD1C8AB848643F4534019B29DBC536319A90DADCBB736F2FFDF069E96B71DE097FEF8357B22472629F4A2DE71C79327FDF269FE44D8FF5327FDF26A1DCA446012734EC9A7F9137FCF193FEF9348609BFE78BFF00DF26A6C34333DE9339A93C89BFE78BFF00DF2697C8987FCB27FF00BE4D3480676E69B91527D9E6FF009E527FDF2693C89BFE78C9FF007C9A4818CCFBD59B6E6A216F37FCF293FEF9356608A450731B83FEED69125936697269363FF71BF2A5DAFF00DC6FCAA8913391556F1DD541438AB455C7F037E555E5598F0B1363DD4D007BA693E24D41B5E9EEF5393528F4F7B8BEB38215B686482592091F6F95E5933EFF002E09490C0866276E3E4539FA278C750F113FD8D358B48E7BAD612DCB69CF0CCD6709B0FB40456F9D1C8923742E410D89301780BDC43E1ED32DF543A8C704827DED22A19E43146ED9DCE9116D88E7736595413BDF27E66CC771E17D26E67BC9E4867135E4A93C9247772C6CB2227961D0AB0F2DB67CA4A6D2CBC1C8A0679BF883FE120D64E9C34CBDD567D4DA5B981E3B79DA14682CEF7CA69485B881448E8E0370777017CAC668F02DA5FE9BAF44DA84DAAC3A6A5A497DA64104F24D0CD6D1C51465422DDCE0A832EE540A493B4ABE3F763D026F0C6E96DA1B5BCFB15843132116F17FA5485DB7480DC312C15F00B150242C037999A8EC7C397DA76A968D6DA8DA2E976AF2F956E6C733AC5264F9026DF85895B6155541858A35C9C648072FA278C750F113FD8D358B48E7BAD612DCB69CF0CCD6709B0FB40456F9D1C8923742E410D89301780A3F8975C974ED7AE17539237F0F594F7081218B17AD1DC5DC404F953C15B5427CBF2F977C63E50BDA5C785F49B99EF279219C4D792A4F2491DDCB1B2C889E58742AC3CB6D9F2929B4B2F0722A393C21A1CA90A35A481234D8EA9712A8B852C5889F0DFBF0599C9126EC977273BDB201E67E37D434E5F135C5B5BEB10496ABB25915F5D6631DD2CAE594C6DA84023D85632005383D31B40AED3E1BDDDA5EE8924ABA8C775A86F22EA34D55EF044A1DC4470679846590024073CE7938E0BFF04EA13456D1D96BF25AA45717B3C8805C22C86E27F3467C99E2394C9519241DC4E0558B0F096A56B711CB71E2092622DF4FB7925485926956D4BB92CE64393248FF00371F7372F24EF001D6573FE1E96F65D6BC4B1DD6A33DD436DA82C36F1C891A8850C114B8055013CCA47CC4F0ABDF24F415CFB782F447D464BE64BE69A5BB4BD914EA572637990A95631F99B0E0A26063002A8C6001401976FF0013346BFB09AEF4CB6BBD4445716F098ED5E0662277290B9CC8028661B76B1122E416451CD685C78D74DB6B086EDE0BB2192E249E3545DD6B1DBB84B877F9B0446C4290858B7540E39A925F05E892D9B5994BE5B532C732C31EA57289134649411AAC8046AA4821570A36AF1F2AE247F08687223A3DA48C8F712DC329B8948632B6E950FCDCC4EC32D17FAB63C9534015E3F18452EB73692BA46A46E62BDFB19C792411B048D37126444AAF112C4039951402C768B9A1F892CF5FF33ECD1CF1E228EE63F3940F3ADE5DDE54CB8270ADB1F01B0E36FCCA32337069562BACBEB02DA3FED07B75B5370796F2958B041E83731271D78CE70311E99A269DA379BF60B7F2BCDC039767DAAB9DB1AEE27646B93B5170AB938032680393F1BDE78861F11E9365A25FEA508BEB791596D20B79160613C1189DC48858A289D8B2A9E76AFDC1B98741278AF4D87C590F87253225ECC9988B6D01CED2F855CEF236AB1DE17CBC82BBB78DB46B7E11D1FC4371E7EA51DDC8FF00677B5222BE9E153139CBA154750436067239DA339C0C4975E17D26F35883559619D6EE195675686EE5890C81760764460ACDB0EC2581257E5395E28031E0F8810DC68EFA945A06AAD1A5DC366D1092D4C8B2C8C1423289FE460CC8ACAFB594B8C8C0622BC5AB6A5E30D5B52B5D2752BED12DED2D2392D2E560B7945D99249D04D860FBA1FDCA94C142C189E8548D0BCF055ABE9DA859D8DCCF17F69C42D6FA6BB9E7BC91EDF0E0A46D2487637EF1883F30049CAB5685D785B46BCF204967B238625804304AF0C6F12FDD8A44421648C64808E0A80CC31863900CFD6BC7BA3E83A9DCD85E89C4D0DA49740284CCA1236959514B063F2231DF8F2F20AEFDC36D470FC41D29B49D4AFEEEDEEEC3FB3DC24D05D7961B26678170CAE6300CB1C89966006D24E148637359F05683AFCEF36A36B3BB3E4BAC3793428E4A18CB32C6EA198A128588C95F9738E2AC2F85B4655BC0B678FB6733112BE4912C9306539CAB092591C32E0824608DAB800CB83C7D657A6C174ED3352BF37F6F2CD6E6D444CAC6290472A17F30282A4FDE27CB6E36BB1201D093C57A6C3E2C87C3929912F664CC45B680E7697C2AE7791B558EF0BE5E415DDBC6DA92DFC31A6DB6A3677E86F9EEACE2786179B50B89708E72C183390F938FBD9FBA9FDD5C175E17D26F35883559619D6EE195675686EE5890C81760764460ACDB0EC2581257E5395E2803628A28A0028A28A0028A28A0028A28A0028A28A0028A28A0028A28A0028A28A0028A28A0028A28A0028A28A0028A28A0028A28A0028A28A0028A28A0028A28A0028A28A0028A28A0028A28A0028A28A0028A28A00FFFD9, '');
INSERT INTO t_member VALUES ('4', '4732815649', '阿碧', '湘A34545', '小汽车', null, '139754868774', null, null, '');
INSERT INTO t_member VALUES ('5', '3180389099', '何浩', '湘B54456', '客车', null, '15897456854', null, null, '');
INSERT INTO t_member VALUES ('6', '2911953643', '杨凯锋', '湘A5436', '摩托车', null, '13587941253', null, null, '');
INSERT INTO t_member VALUES ('7', '3923188513', '江浩', '湘B64564', '小汽车', null, '13548987210', null, null, '');
INSERT INTO t_member VALUES ('8', '4464380193', '刘志丹', '湘BCDEF', '小汽车', null, '15897944', null, null, '');
INSERT INTO t_member VALUES ('9', '2580945697', '梁文员', '湘C3235D', '小汽车', null, '1548954222', null, null, '');

-- ----------------------------
-- Table structure for `t_system`
-- ----------------------------
DROP TABLE IF EXISTS `t_system`;
CREATE TABLE `t_system` (
  `Id` int(11) NOT NULL default '0',
  `TOTALNUM` int(11) NOT NULL default '0',
  `OCCUPIEDNUM` int(11) NOT NULL default '0',
  PRIMARY KEY  (`Id`)
) ENGINE=InnoDB DEFAULT CHARSET=gb2312;

-- ----------------------------
-- Records of t_system
-- ----------------------------
INSERT INTO t_system VALUES ('0', '30', '0');

-- ----------------------------
-- Table structure for `t_sys_record`
-- ----------------------------
DROP TABLE IF EXISTS `t_sys_record`;
CREATE TABLE `t_sys_record` (
  `ID` int(11) NOT NULL auto_increment,
  `OPERATORID` varchar(30) default NULL,
  `EVENT` varchar(250) default NULL,
  `EVENTTIME` date default NULL,
  `REMARK` varchar(250) default NULL,
  PRIMARY KEY  (`ID`),
  KEY `FK_Reference_9` (`OPERATORID`),
  CONSTRAINT `FK_Reference_9` FOREIGN KEY (`OPERATORID`) REFERENCES `t_emp` (`OPERATORID`)
) ENGINE=InnoDB DEFAULT CHARSET=gb2312 COMMENT='系统操作记录';

-- ----------------------------
-- Records of t_sys_record
-- ----------------------------

-- ----------------------------
-- Table structure for `t_temp_member`
-- ----------------------------
DROP TABLE IF EXISTS `t_temp_member`;
CREATE TABLE `t_temp_member` (
  `MEMBERID` int(11) NOT NULL auto_increment,
  `CARDID` varchar(30) default NULL,
  `CARNUMBER` varchar(30) character set latin1 collate latin1_bin default NULL,
  `CARPICTURE` blob,
  `REMARK` varchar(250) default NULL,
  PRIMARY KEY  (`MEMBERID`),
  KEY `FK_Reference_5` (`CARDID`),
  CONSTRAINT `FK_Reference_5` FOREIGN KEY (`CARDID`) REFERENCES `t_card` (`CARDID`)
) ENGINE=InnoDB DEFAULT CHARSET=gb2312 COMMENT='临时卡用户信息';

-- ----------------------------
-- Records of t_temp_member
-- ----------------------------
INSERT INTO t_temp_member VALUES ('1', '3397188640', null, 0xFFD8FFE000104A46494600010200000100010000FFDB004300080606070605080707070909080A0C140D0C0B0B0C1912130F141D1A1F1E1D1A1C1C20242E2720222C231C1C2837292C30313434341F27393D38323C2E333432FFDB0043010909090C0B0C180D0D1832211C213232323232323232323232323232323232323232323232323232323232323232323232323232323232323232323232323232FFC0001108014F01FF03012200021101031101FFC4001F0000010501010101010100000000000000000102030405060708090A0BFFC400B5100002010303020403050504040000017D01020300041105122131410613516107227114328191A1082342B1C11552D1F02433627282090A161718191A25262728292A3435363738393A434445464748494A535455565758595A636465666768696A737475767778797A838485868788898A92939495969798999AA2A3A4A5A6A7A8A9AAB2B3B4B5B6B7B8B9BAC2C3C4C5C6C7C8C9CAD2D3D4D5D6D7D8D9DAE1E2E3E4E5E6E7E8E9EAF1F2F3F4F5F6F7F8F9FAFFC4001F0100030101010101010101010000000000000102030405060708090A0BFFC400B51100020102040403040705040400010277000102031104052131061241510761711322328108144291A1B1C109233352F0156272D10A162434E125F11718191A262728292A35363738393A434445464748494A535455565758595A636465666768696A737475767778797A82838485868788898A92939495969798999AA2A3A4A5A6A7A8A9AAB2B3B4B5B6B7B8B9BAC2C3C4C5C6C7C8C9CAD2D3D4D5D6D7D8D9DAE2E3E4E5E6E7E8E9EAF2F3F4F5F6F7F8F9FAFFDA000C03010002110311003F00C75031D052ED19E829578514B8CD00D0BB07A0FCA9368CF41F952F41477A0426D5E9B47E54BB571F747E541A5C1EF40C4D8B9E8293601D853B8CD21EBD698842A07F08FCAA37C01902A42698C38A4064DDCB20276BB2FD0D516B99C1C79D27FDF46B52EE3E3A563CBF788EB57127A8A6E6E3FE7BC9FF007D9A67DA6E41FF005F2FFDF6699819A0A9A63B96E29E72399A43FF000235379F2FFCF57FFBE8D538CE054CA78A9651299E5FF9EAFF00F7D1A6FDA26FF9EAFF00F7D1A66093C538291400BF689BFE7ABFFDF4690DCCD9FF005AFF00F7D1A6E39A32075A403FED137FCF57FF00BE8D3BCF9B1FEB1FFEFA3510E7A53199864501744DF69971FEB5FF00EFA340B997A79AFF00F7D1AAB939A70EC69D8398B4B7129FF96AFF00F7D1A5F3A5CFFAD7FF00BE8D46ABB8641A42AC290C9C4D213FEB1FFEFA35209243FF002D1BF3AAA0E3AD4F1B0EF4862B4B28CFEF1F1FEF1A85A69B3FEB5FFEFA3524AC2AA9233D69A025FB44BFF3D5FF00EFA34BE7CDFF003D5FFEFA351852D4E2BB475A04C537130FF96AFF00F7D1A69BA97FE7ABFF00DF46A091CEEC544CC735489B96FED537FCF57FFBE8D1F6998FFCB67FFBE8D5619DB4027BF5A561967ED13FFCF67FFBE8D02E27EF2C9FF7D1A854D482801ED7136DE25933FEF1A62DCCF9E6693FEFA351B120F069C0123269D8866ED8B17894B12D9F5AD0545EEA3F2AC1B2B8318C03F9D6D5BCE2403D686869960471FF00717F2A708A33FF002CD7F2A314E5C54808224EF1AFE5408A3FEE2FE54FCFAD18A006F951FF00CF34FCA97CA8FF00E79A7FDF22969475A01DC67951E7FD5A7E54BE545FF3CD3FEF914EEF9A5EF40867951E7FD5A7FDF3418631CF969FF7CD3FBD079A006F9319E91A7FDF228F223C7FAB5FFBE453CE00C66973C50323F2A3CFFAB4FF00BE690C517FCF34FF00BE4549CE2909F6A4030C51FF00CF35FF00BE4527951FFCF34FCAA4278A41C501D48FCA41D634FCA83147D917F2A93834D229D82E46638FFB8BF9527971FF00717F2A931C53714818CF2D3FB8BF95218D47F08FCA9F8C9CD211401557A0FA53BDA9ABD053BA1A0A17145145020A5CD1C1A4CD001484734EA4C8A004E690F4A77E34D614014AEC7C84D62C8B926B6AE55A4CA8AA86DB0A722A93B09A3288C526EA96750AC4541DEA809338A557E6A448F720A4F23078A572B5258FD69E41A221F2FBD498C54B02B953CD31908AB7B690AF14AE16B90479518A575C9E2A50BED4B8A62712A153BBA53B6E4015676D28403B517051238948E29CC38A90633D2A2958A8E296E56C46D8618E952C51138AAE1B71AB90E7154C222C90FCB54DE3C3568BE76D519B3CD24C7642C4453A45CF22AB216DD564648A1936B959E326A12841ABCD1D35A3205170B15F69DB48233564263AD38479A771D88047C548B1E3AD4C231E94BB695C2C5611E6415665802C59C734E8D32F9C558946EC28AAB9253B788B30EBD6B72DE0D9820D4367085EB57D57149B26D6245A78E2983DA9D93490C5EF4B4D079A752016973C5252734C3417B51F4A4E29C0714085A29B4ECF14241703CD1DA82681CD34014139A314114AC0C4205252E076A43D31405C314868E45079E0D03627F0D3714EC7149DB14806907AD3714F2314869DC122A2E428FA52D229C28FA53BAD2284EF4B8A3147DD14087629A68CE451CFAD00183474A0F4A318A0029AC39A71A6919A008CA77A8A55CAF156298E0114018174BFBC35531CD6ADF461549F5ACAEF5A27A08B511E2AC2F26ABC6302AC27352D96285C1CD3C0CD1C53C0045263446450314E229B487613A5270697F1A31402140A33C5146334804A8DC67AD3F1C5078A6042100356A35C01518193532034DB048908CAF155264EB5794FCB55A619A92ADA145570D56178A61001A70C5513B0F041A5C03483A50339A402EDA705E29BCF6A77BE680B0A290AD0B4EC502162F958548AC3ED201E86A2C81D2A4B71BE604D34C8669C68074AB0A78A8A3E9528A0078E94B9A6D2D02147AD3A9B914B9A005068A418A5E94085A01A33477A005CE694F4A6E78A5CD0000529E3A519A3BD0014848FAD1C514000145048A414AC01494EA69C834C009CD34D2E692900638E69B9ED8A777A42298CA407CA3E94EC7148A4E07D2949A430C64518A5E838A41CD1A0C514601A5149C50210819A0D293C5275A0005040F5A0734878A000E314C238A71E949D450067DF2653EB58EE815AB76ED0EC358F32E0E714D00E8C715328A822E454F9E38A0A24ED4A1B15166941340C9778349C533F9528A431DB452E00A4A2818B818A6918A5FA531BDE8101614CCE690F27029F1A51618B1E054C0D336814E5EB40C9D391514A306A4434D93069587729B8A66715330151B267A53258E57A7EEE391502E7A54CB408703467B514D3D69D805CD2134DCF34B918A56062A939C55CB35CBF1D4550CD6869F96727D053219A8A053C53053F34C91C29C0F6A6834B40AE1DE973DA9314B4803AD29CD1EF4A3934582E20A51498E6968B0C0F5A5CE7B5211C669450C42F18A3149914A0E4500047346297A51400879A31C51D297191C500378A4C6697A526334750B8114856973DA933400DC7AD277A71A4A00A43A0FA53852274141EBC52298BC8A5C9C500521CD002E7D68E9499E28A00334B9C5277E7A507028061C51D68A4340074A6E29DDA90D00432AEE522B2274DAC41ADB22A8DDC208CD34EC066A605480FE54C2BB49A51D298C90722969829C0D22870C7E34E029B4E0690C76297148297340C4A630A7934C6E450222CFCD528600556909539ED485C95E298CB2641EB4093DEB38BB834A9337734585CC6A2BD23C9C62AA2CBC75A4690E28B05C91A4E6956406A8BB36EA729229D8572E0E5AA50302ABC4413CD59078A9B15714521C52671D29A7340809C5309C5292314D3D2992C01C9AD6D3D36A13EA6B253EF0ADDB35C409F4A6496569E29A0F14E14123852F414D069726900EA2906296980B914679A4A776A1800FAD19A43E9474A00713C503A71499A33408314EC714DA5FA5002E68E9494B40099A51D2933ED473486148322948CD2502026939CD29F7A4CFA503034D34A41A6F14580A63EE8A5EF4807CA294D22C507D6972290F4A4CD002F239A2827DA933ED4085CD1DF9A4C77A5EF4C00FB514668CFB520B099A0F2283D28E68012A19137A906A6A69EB4C0C8B8B6643BBB557C115AF70B943592C306843007BD381CD4678A7A9E29B434C783EB4E0699DA947D2A6C31F9E69C2A3DD9A7678A0687679A69CD2679A0B50323906E155CA115649A61E4534222D831CD37CB1537B5214E339A61620E947534ACA7F0A00A34246B0E68E6A429DE9BD39A2E16258C1156037AD5756A76EF7A4513EEE69A4E6981A82690084D21E949CD2F514D12C727A8AE8215DA8A3D05615B8CCAA3DC56FC7C2D364928EB4ECD3075A7D048A29475A07345002814BD29B4BCD002D19A339ED41CF7A0050694914DA5C77A180734BDA901A5CF34B5041467D694FB527D69D84D8A7A5028069690C4349DE948CD18C5001DBAD1D2908A39F5A003B64D20A53480F1CD160139A6F5A752500511D052E714D5E0538D2283A9A53C5341A5EF400BDA8ED4828279E280179345253874A601C1A33DA8EDEF4D26801714138A4068EB4084A4FAD3A9B40C8A5198CD64C9F78D6C3722B22E3895850808BB5283C52034A391414870E69DF8D3075F6A7679A0628EB4E27029B9A693C50341BE9BBF2698CD4CDF4585726268ED51190014C33678140C9F70A42E31558CB4D2E69D82E5838348081506E346F38A4172569693783D6A02D46EA2C172CE6933500929E1C1A7615C9FCCC53C1C8A85466A5E9C502B8BDE9D4DEDC8A01A48196AD06675FAD6E274AC7D3D732E7D056C29A6C82414E14C0734EFA5310EA5A6834E1480518A28CD14C05CD1D45252D0019A339A4CD2E40A4216814668CD031681467228C5002914A05373450038D2679A4C9A2810B499A29290C09A42683F5A3EB4C001E3069B8E697BD2714985CA20D2F5A683467148B1D499A334714087518E2905140C5381464D252D020CE6928CD19CD02173484E29B9CD140C5CD069293B50006B2AF171293EB5A84D50BE5CA061D8F34C0CFE69F9E054049069CAD43652261C8A5E95186A76690C909A6B1E29035079140C82438155CB9156DA3CD37C918A684D157713462A631E298579A770484099A788891C500E29EAF40C88C67A52F966A52F9A696A076444623D69A50D4C5A987AD02B222DA49A72C64D48A99AB0898145C9B0C8C11C1A7B6074A524034C66CD20685DD4E1CE2A2CD393934EC266C69E84216F535A2B556DA3F2A2553D475A95A50BDE8249C1C52871D2A99B841D587D3349F682DF7549A7624BE1A9435520D39E985A72ACE7AC87F0A760B97D54B1A528473CD5686D8C9205691F9F4356AEF4B583612CC770CF268B5857232D416E7AD5736CBEF4CFB328E848A2C172C97A4DF551A271D1DBF3A8CB4ABD492290CD256CF7A766B396E40C6E041AB71CA1C7068B013827B52E4D3452D218A4E68A4E9464E28001467D6806826813141E293BF3484F1450029033499E68E29334900134DED4B9A427D28194738A09A6D23360734AC50EC9A33CD41F6803DFE949F6803B1A57196734B9AA9F6A51D73F853D6E623FC607D78A2E058CD2E6A11203D0D3835315870A334CCF3504D74910E4F3E8280658CD1B8564C9A9487EE228F73CD566BCB86EB2B7E1C55242B9BE58526E07BD73DF69987FCB57CFFBC6945FDCAF498FE201A397B0731D01350CCBBE32A78CD64AEAB703EF2C4FF5523F91A7BDFCD227DD45FA64D2B0CAD2603B03D8D341A8D9BE6E694350344C1E9C1B355C9A72BD08658DD4EDC2ABEEA7039A065A5208A52B50A35481B8A431193350B463D2AC678A6E298150A60F1498356180CF4A611ED4C4C8326979A90A7A51B28019826942D3F6E2945003917152678A603CD05A9304359AA12DCD39CF35116CD0263F755CB04124DCFF000F359E0E4D4C8597E653834C966FCB308D7DEAB07790F3C0AA2970588321FC6AFC6C080548229A249638C679AB4807A540A6A6434EE2265A914E0544A78A78CD005A80E1D7EA2B53556DE9012318523EBD2B2223820D5C9E63244A0F4143114C9A61EB4E3EB4D2695EC318D5091EB52B5464D0046C808A2DC149703A77A71A9A251D7BD0058069699914B9A431C6973914D27349400EE947BD373C514AE21D9CD2668A426980B91499E68A323A52D0619A4CE46697B5349F4A00CD91C25569242DDE993C84CADEC715196CD4366828241EB4A7D6983AD2B673537B1421F5A6EEA3934D228B8AC2990F634E8AE594F2DF9D42C78A8D5B04D55EE22FCF7BF26147CDEB59AF2162598E49A78C9C9AAB21F988AD16C45BB8F32014C3276A8C9A4EBD29EC161E5A9B9C9A5084D3C4582334AE161C8B8193D69E7A51B4D04ED14368691039C1A45929256C9E2A3CE052193EEA5CD42AF9EB4FDD401206E6A457A83AD286346E3B9643D4A0D5656A9437BD0089B34A6A3069DDA90C3209A36E79A4CD3C1A63198E28C629E7A546D40015CD200050AF485B1400BD0D319A90B66A266FCE84260CD5116A47627A547823AD321B240DCD4B1C9CF5AAF9A729E68B08BEA038F7A990BC4723354639315A10CA1800695EC162DC13ABFB1F4ABA8456634241DCB562DE7C9DADC1AA4EE266829E6A4079A810D494C44EA79A9D9CECC55546C1A9B77CBCD0D886934C2694B534D031A4F15131E69ED8A88D20026A688F15066A584D0058CD2D37A500F7A431E4F1499A4ED4B9E28017233477E292968003452673476A005A4340141348005349C53A9A40C516030241FBF7FF0078D31B934E97FD7C87FDA3FCE9B8C9CE6B06CDAC28CE2823229338E09A5CE0714AE31A7A530F14E27DE9A4D340465BD6A17EB53373C540E2AD684B26B4605F69EF535C58EF1B93826A8C6E63901F7ADCB59565400F208A6DB5A895AC611B675FBC285523B56CCF185CE47159D260BED5E49A136D89D910E4E7005598E138CD496F6B8EBD6A6999634C034DBE88179952521062A9C8D96A7CD2163C541D0D080438C1A8C8A91BD69A453018BC1A9454614F5A916980BD294714B415C8A000353D5AA2C52E70298164494A1EAB6714E0C6863B96438EB4A1EAB6FC51BE905CB05BDE9A5AA1DF4D32530B9297A42F9A8B7D216A2C171C5A9849A290D1EA224414E9002BCD468D8A90FCC2A882B11834E5EB4F2808A6942BCD268771C0E4D588DCA9AACB5329A81A34E098F156FCB122E475AC88C90739AD18262304526C6588642876B7EB57148C55275DE370A9ADDCB0DA7A8AB4EE4B562DA9A9BB540A31D6A607E5AA246134C3D69ED4D233480613519EB521151B0EF400869D1F5A69E452C7D6802C67069C0D3339A5A918EEF4B4DED4034C43C93466901C5266818E24D033DE928DDDA900138A071CD2134718A61D45CE4D27D6933C50690181337EFE41FED1FE74DEB4E9789E4FF78FF3A667D6B9D9BA40D834C271C0A7920D44CDCD240C09F5A427D0D341E7934BDEAB610D66A8E4FBB52E335148A54D38B13213D2ACDA5C989B04F150E0D39232C70A2B4DC92EDC5E34C022AFE34B05B80727AD241005FAD597758D703AD26ECB40B771B24A225C0ACD9262E48A7CF2EE38AABD0D25A8C426987935211519FBD54842F6C534F14EED49DE9813187110351818AD48E20F063DAA94B11462315424C88734A052EDA00ED4862119A6E05498C526280198A50297148680140A36D02826980D3C53694F349D2800A00A4A51400669AD4E34D6A4034360D481AA1229549156434580726A668F315578BE7602B49A3DB150C0CB07048A950D4528DAF4AA78A86868B6A6AC44E548AA719C9A9C1C54B28D485FF2352B83190EB59F0C98E2B42260EA54D4A6368745A8464E1CED3EFD2BA1D321D3EEADA679DE52EA329E5608E9DEB8FB984A367155812391907D8E2B64D3464D1D34ADB4E3A545BF8AE7CC927F798FE34D121CF2CDF9D3B0AE7405E9A641587E61EA1D8FE34EF3A403891BF3A2C3B9B1BC52ABE0D630BC941E5B3F515623BDE46E1F95166173611B239A70355E0903A022A606A5E803F34034DC8A51D28B00FCD274A68E28CE68B00FE2933499E28078A43173484D2519A005A4E68279A4069FA0187313E7BFFBC7F9D42739A9A61FBF7FF78FF3A8B3CD72BDCE8E8276A89CF3523707AD44C69A13F31A0F3CD48306A1079C54F18A6C05C62A39454C714C233480AF1AEF7C1AD1B7838F4155A1C1971D2AD97C0C0356DE84D873384185AA734D81EF523B003354646DCC692771EC358E4E4D21E451DB14839E2A890CE4530F5A78E0E0D3180CD3017B5347DE14BFC34B1E778FAD5211AD68DF205353CF6C244C8EB55E25DB822B42360460D512633445188229AC95B335B2CABC75ACE96168DB047140D32A15A6915395A8D9690C6F6A69A7E293DA98119F6A6E4D49814D22801BD293BD3F029B8C5201314B8A319A5005348042298D4F34C340119EB4A052E0D5EB2B332302C3E5F7EF54492E9F687FD630FA55BB9E131568288E3C550B96C9E0D2EA233271CD4687B54F28CE6ABE3068634588CF356073556335386ACD944AA706AEC327BF35417919A9A36C1A919AC544D11F502B364428D8C55B825C53AEA21226F5A13B08CD6CFA52AAAB8F4341C8348B9ABB9360684A9E2A227D6AC0660704523C618702AE32EE2712B938A9615DC40A8C82A706AC5B8F9C55926A5A23469835687150C7F7454950C64828CD3053A90C39A5079A4EB4A077A005EB475340341A2C0069297B5266800C714628A4CF3480C298FEFE5FF78FF3A8E9D2F37120FF006CFF003A6918AE77B9D1D061A89CF34F6A89CF34D0800E6AC27DDAACBD6AD291B686201CD237CBD68079A47E948761AD8CE6A4561B7AD421874C734E2BC714C43259327155D9867AD48CA79AAD27DEAB892C9451839A6C5822A665C0A1874226A4EA29C7A534534020E94F8FFD6014D3C1A922E5C552DC9669C6781C5598F8AAF1AFCA2A75E2AC92DA37AD1242B20E454686A7078A00CB9ED19092BC8AA6C3B11CD7445430E4554B8B35939E7345BB8EE6262908AB335B3C279191EA2AB120D268771A45348F6A71229A4D2B0C4A69A7134DA6002949A3A5349A00299824E054B1C4F29015735A76BA6E30D2609F41D2A896CAD6762D21DCE38AD88E2112000548AA14547238029088A77E2A83E58D5976DC78A163CD3114254F96A995E4D6BCB17CA6B3241B58D4B634363CE6A5CF3512B734F078A8659306A90138E2AB8EBD6A653815232C4321538CD6944FB976F6358E1B157AD64E3AD263436E6229274E2963873D6AD4EA1E30D4B0BC691EE6E4D3B9222DB201971C555B89238F2100A4BABFE485ACF321739269A40D8F0DB8F353DB9FDE0E78AAC3AD58B7E241E95BA3266CA7415266A24FBB52035050FCD283CD20345003A97B714D1C52E6900A0E28CE7B52500D0085ED49DA8E0D18A003A5277A775A69A00C091BFD2651DC39FE74D6CE299337FA5CDFEFB7F3A7E78AC25B9BA226E2A27A99C66A163CD098308FAD591C0AAC9C1AB03A50C033CFBD0F4DCF34A7045206C8198A9E0D4D138618FD6ABCA2889F6F7A76BA15CB12264645539633E95791C30A8E44C9F6A516D03572AC2A41CD48CD8A908C62A37009ABBDC2C4679A6E69DD2908069921D454F6CA0C82A01C71572CD7E719AA426692A7029E179A9117E514ED99AD13218C07152AB7AD336E29CB408B0A7229C40C542A78E2A4069888E48830E45675C69EAD92BF29AD63C8A8D850C67332DBCB0F55C8F51CD41BFD6BA591060E6B0AF0C4EE7CB1F5348772B171485FD29BB3DE942F2298EE28DCE70A093EC2AEDBE9D24A417F957D3BD36DAE1627019463B9CD6D412A48A0A10451B0362436B1C2B85502AC0C2D34B5318D0488EF50364D3C8E69C129011AC75208F8A95569D8C0A00A932718AC593EF9ADD9BEE9AC4907EF5BEB50CA443B3278A705F7A79181C537049A9B962AF14F52699839A7E768E7AD1710E26AC5BB61864D54C9278A9A25C609A56D066D4643C654D655CC8F1315CE055EB77C60E6A1D421DC370A51B20665336E3CD001A705CD48B1D69724451DEA781B320E29A12A48C056068531389AD19C8A94556864040C1A9C1A770B125381F5A60229714087D26EE69338A51D280141E28CD251400BDE8C9A4278A33C5002EEED4D2734B499CD0073571C5ECDE9BDBF9D480E47151DC60DE4D9FF009E8DFCE9E9D315848DD0D718A85AAC483E5AAE7D68402A7AD4E39150C62AC0036D29302363CD397914D6C6EA30285B03229BBD42A700D4F28C8A814552D8963D24DA79E82AD23061927AD522BC52C726D3EF435704CB6E9C64540C0F26AC23860066878C6DC8A94EC53453C1349820D4DB78A8981AB4C910633576D08120CD5351DEA785B120C7AD5A259BB19CA8A9700D5789BE5153A9E2A912C5DB4DC734FCF14004D512029E2998E2941E2980E351492041B89C53669D6142CC401585797CD70C40E1074028DC096F6FCCB944385FE759C4D349E69ADD69D8076452679A6939349400FDDCD59B6BB781B20F07A8AA98A7018A00E9A3944A8181E0D3BAF6AC1B5BB780F72BE95B50DC472AE5581A4D012EDA7AAF7A414ECE295C05E298EDC714161504920A5718C99B8359131F9F357A79B03D6A9E37F352D9488F96A7AAE2829E9498615050FEDC531873CD2827BD2B74A00545C73520CD46BC0A7E702802E40DDAAD102488AD6742FF00355D8D8E715233399363E2A4038A92EA3C3EEC5340E2A9B244029718A01A754A63B02394ABD0CE18609AA3DF8A519078AB4C4D1AC0F14E1CD5286E3A06AB6AC08AA24905283C52023BD19C0C531051DA97B5372280168CD21A3340C2909C74A09F4A43408E76E4FF00A54D8FF9E8DFCE885B0D497201BB9BFDF6FE751A36D6AC5A364CB52E0FB556718A99B900D47263A54446C231C54CBED51A0C28A7A1E686086B669B4F7E0D479E4D34262B8F96ABA83BAA60D42AE5B3DA9A76109B011514898E9561BA5308DCB4260CAC2528D56A2B80DC7A5539571518241E0D5DAE857B1AD857191513C7C5568EE4A9E7A0F4AB2932B0C1EF536687B9011B6A48DB041A7B206A8B1B4D5262B1B50365455956E2B2ACE6E7693F4AD156AB4C964F9A5CD441A83201C934EE4B44B9AAD737896EBC9E7B0F5AA975A9AA82B1F2DEA7B564C92BCAE59D8B13EB5566224B9BA92E1C96638EC3B0A8474A438A33548008A6F5A5CD26686C04A297345200C0A28A5CFA5300E6A586E2485B2A7EA31510268A360376DAF926183F2B7A66AD17CF7AE64120E41E6AF4176F8C373EF9A9652349E4F7AA92CD93C544F316351E4D66D9490ADC8A6A52F5A00C1A818B8A4EF4E068EB523184E298727A54C57346DF5A770B110040A914645291DA9338E053B8589132B56E36CE2A96EA9A293B5202D5C29923F95738AA8990B86A9C4A54D325653CF7A2EC060EB4EE314C5236D381A4D0D316973CD21A5EDCD08561D9F4AB10CB8C035554814F0DCD5A64B35010452D5781C32819E6A7AB25A1DD2838149C639A426980B91D293347D2928017BE6901E6909A39A0473D703FD326FF00AE8DFCE936EE1C75A2E7FE3F26FF00AE8DFCE910E1863AD62CD8997EEE0F51503F0E315671F9D412039C91537192705463AD2AF0715107C62A6420D268681973D698C808A90F5EB411DA905880AF14F4185CD04738A5C90314EE2B0D3D291476A71E94275A6162ADC2639AA878AD29C06159ECB86C55C1E9A90D0829C0E2936D3D54FA55B621C25651C54E93ABF0C2A0311C67151E369A5A303415704329AB5F6E48D70F9CFD2B312438E0D4A195861A802D3EAA31F24673EA5AA9CD7734DC16207A0E948F07529F76A3208EB569A131314B4DCD04D5DC914E2928CD25020A0F34B48680B8628233473494EC02E08A00A28A2E028A5A6834E0371A96C6395326A75F97E94C0314F1CF5ACDBB9690ECE7B52E09EB4020714363AD45CA0E9C1A32338A0F4CD0158F6A0070C1149CE69EB11F5A5111EE454DC761832052E722A5F2BDE8100C75A571599051B49E9568468052E15453E64166561131EB52245B69ED22834CF3D474A2EC2C49B01EE6A26015B04D209496C52C830334EC17171DC52A114C5C900D2E39CD004BD69C3A54608C5483A66A50C400D3FEB4C072734ECE6A844B0BE1EAF8231C5660E0D5F8D81506B44412E6938C500F145342B317231494946680D409A4E68A4A680E7EE7FE3F26FF00AE8DFCE9D6FB3CCCB818C77A6DC8FF004B9BFEBA37F3A6119ACAE6BB170618F143A823A53213802A62770ACA5BE852454742BD3A50A78F4A99B9E2A1618E69A7701C1A9CAD9A8334E56229D8571E739A5A746C0F069EC991C527A058858ED14D534E907151E714087C9F7726A930E6AE7DE5C542633E9551D019060D3D0F352F967D293663B555C561E39E3B5413262A75E29CEBB979153B30280250D4AA73CE69B2A1151AB6D38AD6F724B4AE41A7B289173FC550A303CD4A09278A96040CA54F34DCF356580618C73EB55D860E2AD4AE4D843D2933CD2D2558870A69EB4E1499E69805274A5A434001A5CD277A0D2014039A95471EF4D45279AB0A00A86CA48400E29C39EB4AA858D4802AD64D9690C0B934EC05EB4D6931D2A07763D68DC09CCAA38A4F3EAA64839A50734F94572CFDA0D385C0AABDA8028E541765DFB403DE8FB4803AD52039A705C8E68E54176586BA14CF3CB7351803D28C0534590363B731EF4809CD2800D3862A809235C91534878F6A8C1000A247C8C52BDC0721F969D9C9A6A1C0A774A896E342FD29E1B8E698294D2B8C7F3DA8079A686A5A018E26AE5BB8D98AA67A54D6CFCE2B4890CBB9A09A686A335648B9A334DA338A602E734669322933401837247DB26FFAE8DFCE9BFCAA6B8B69CDDCCC209082EC410A7D69A2DAE31FEA25FF00BE0D64EE6A3D3000C9A9B3914C4B79B1F34327E2A6A5F22503FD53FF00DF26B369944248A1541A94C12E7889FF00EF934E58251FF2C9FF00EF934B505A159E1C0CAD40CDB473C5689825C711BFFDF26ABCB6B2BA9061933FEE9A69B2595125F9AAE024006A9FD8EE55FF00E3DE523FDC357238A72BCC327FDF26AA51BEA098D94719A8319ABC6094A63CA7FF00BE4D576B69C7FCB190FF00C04D4A1B225241C54CB8239A8C5B5C67FD44BFF7C1A9920987FCB193FEF934ECC4852B4D318F4A9D61971CC4FF00F7C9A779327FCF37FF00BE4D4EA3B957CB0A69A466ACBC129FF964FF00F7C9A8FC89B1C4327FDF269EA05595372E2A994DAD835ABF679CFF00CB193FEF9355E5B3B82722093FEF835716C965641C53C360D3D6CEE73CDBCBFF007C1A93EC73FF00CF093FEF83542180E79A64A9B86454EB6D700FFA897FEF834EFB2CE47FA893FEF93480CEE949569ECAE73C5BCB8FF70D30D9DCFF00CFB4DFF7C1AD56A411521E0D58FB25D7FCFBCBFF007C1A4FB25D13CDB4DFF7C1A62B10E78A6E79AB1F63B9FF009F69BFEF83482CEE73FF001ED37FDF0698C84528E4D4DF63B9FF009F69BFEF834E4B3B8CF36F2FFDF06A5B0B028C2F3522293D6A55B5987FCB193FEF934E30CFDA193FEF83593D4D10CDC147BD40F2163C54E6D6E0F5864FFBE4D345A4FF00F3C24FFBE0D2480894134E2B91D2A416B703FE58C9FF007C1A77D9E7C7FA993FEF834C4542949B2ADFD967FF009E327FDF269A2DA707FD44BFF7C1A605520834EAB26D6623FD449FF7C1A16D26EF0C9FF7C9A02C4036D498E2A436737FCF193FEF934A2DA75FF96327FDF2690CAECBB4E7B542C58F3579ADE7607F7127FDF06A236B70571E44BFF7C1A684CACAED9A99483D29BF64BA07FE3DE5FF00BE0D4C96D70179825FFBE0D36813056FCA80433F14A6DEE00C0825FF00BE0D3E2B59D464C3203FEE9A2D6D4571C38A51D734F104DFF3CA4FFBE4D38412FF00CF27FF00BE4D459B2AE341ED474F7A7F91263FD53FFDF268F2661FF2CDFF00EF9353618C206281C53CC52FFCF27FFBE4D279137FCF27C7FBA69D8009C8A585B120A430CDD3CA7FFBE4D39619411FBA7FFBE4D5444CBC09A5E4522AB051F29FCA976B7F74FE55A1026690914BB5BFBA7F2A69571FC2DF9502B15EEE678A3DCA79C8150DBDD4924815883C75AB13A48F19022639F6AA90C13C4C5844DFF7C9A687A9EF7A4F893506D7A7BBD4E4D4A3D3DEE2FACE0856DA19209648247DBE57964CFBFCB825243021989DB8F914E7E89E31D43C44FF00634D62D239EEB584B72DA73C33359C26C3ED0115BE7472248DD0B9043624C05E02F710F87B4CB7D50EA31C1209F7B48A86790C51BB6773A445B6239DCD965504EF7C9F99B31DC785F49B99EF279219C4D792A4F2491DDCB1B2C889E58742AC3CB6D9F2929B4B2F072290CF37F107FC241AC9D386997BAACFA9B4B7303C76F3B428D059DEF94D290B7102891D1C06E0EEE02F958CD1E05B4BFD375E89B509B55874D4B492FB4C8209E49A19ADA38A28CA845BB9C15065DCA8149276957C7EEC7A04DE18DD2DB436B79F62B08626422DE2FF004A90BB6E901B862582BE0162A0485806F33351D8F872FB4ED52D1ADB51B45D2ED5E5F2ADCD8E6758A4C9F204DBF0B12B6C2AAA830B146B938C900E5F44F18EA1E227FB1A6B1691CF75AC25B96D39E199ACE1361F6808ADF3A391246E85C821B12602F0147F12EB92E9DAF5C2EA7246FE1EB29EE10243162F5A3B8BB8809F2A782B6A84F97E5F2EF8C7CA17B4B8F0BE93733DE4F243389AF2549E4923BB963659113CB0E8558796DB3E52536965E0E45472784343952146B4902469B1D52E255170A58B113E1BF7E0B339224DD92EE4E77B6403CCFC6FA869CBE26B8B6B7D62092D5764B22BEBACC63BA595CB298DB508047B0AC6400A707A636815DA7C37BBB4BDD124957518EEB50DE45D469AABDE08943B888E0CF308CB200480E79CF271C17FE09D4268ADA3B2D7E4B548AE2F679100B84590DC4FE68CF933C472992A32483B89C0AB161E12D4AD6E2396E3C4124C45BE9F6F24A90B24D2ADA977259CC8726491FE6E3EE6E5E49DE003ACAE7FC3D2DECBAD78963BAD467BA86DB50586DE39123510A18229700AA0279948F989E157BE49E82B9F6F05E88FA8C97CC97CD34B7697B229D4AE4C6F32152AC63F3361C144C0C6005518C0028032EDFE2668D7F6135DE996D77A888AE2DE131DABC0CC44EE52173990050CC36ED62245C82C8A39AD0B8F1AE9B6D610DDBC1764325C493C6A8BBAD63B770970EFF36088D885210B16EA81C73524BE0BD125B36B3297CB6A658E65863D4AE512268C92823559008D549042AE146D5E3E55C48FE10D0E44747B49191EE25B865371290C656DD2A1F9B989D865A2FF0056C792A6802BC7E308A5D6E6D25748D48DCC57BF6338F248236091A6E24C88955E225880732A28058ED17343F1259EBFE67D9A39E3C451DCC7E7281E75BCBBBCA99704E15B63E0361C6DF9946466E0D2AC57597D605B47FDA0F6EB6A6E0F2DE52B16083D06E624E3AF19CE0623D3344D3B46F37EC16FE579B8072ECFB5573B635DC4EC8D7276A2E157270064D00727E37BCF10C3E23D26CB44BFD4A117D6F22B2DA416F22C0C2782313B8910B14513B16553CED5FB83730E824F15E9B0F8B21F0E4A644BD9933116DA039DA5F0AB9DE46D563BC2F97905776F1B68D6FC23A3F886E3CFD4A3BB91FECEF6A4457D3C2A62739742A8EA086C0CE473B467381892EBC2FA4DE6B106AB2C33ADDC32ACEAD0DDCB121902EC0EC88C159B61D84B024AFCA72BC50063C1F1021B8D1DF528B40D55A34BB86CDA2125A991659182846513FC8C1991595F6B29719180C4578B56D4BC61AB6A56BA4EA57DA25BDA5A4725A5CAC16F28BB32493A09B0C1F743FB952982858313D0A91A179E0AB57D3B50B3B1B99E2FED3885ADF4D773CF7923DBE1C148DA490EC6FDE3107E60093956AD0BAF0B68D79E4092CF6470C4B0086095E18DE25FBB1488842C918C9011C150198630C72019FAD78F747D0753B9B0BD1389A1B492E80509994246D2B2A2960C7E4463BF1E5E415DFB86DA8E1F883A53693A95FDDDBDDD87F67B849A0BAF2C364CCF02E195CC6019639132CC00DA49C290C6E6B3E0AD075F9DE6D46D67767C97586F26851C943196658DD43314250B1192BF2E71C5585F0B68CAB7816CF1F6CE662257C92259260CA73956124B23865C1048C11B5700197078FACAF4D82E9DA66A57E6FEDE59ADCDA889958C5208E542FE6050549FBC4F96DC6D762403A1278AF4D87C590F87253225ECC9988B6D01CED2F855CEF236AB1DE17CBC82BBB78DB525BF8634DB6D46CEFD0DF3DD59C4F0C2F36A1712E11CE58306721F271F7B3F753FBAB82EBC2FA4DE6B106AB2C33ADDC32ACEAD0DDCB121902EC0EC88C159B61D84B024AFCA72BC5006C514514005145140051451400514514005145140051451400514514005145140051451400514514005145140051451400514514005145140051451400514514005145140051451400514514005145140051451401FFFD9, null);
